record_id,redcap_survey_identifier,questionrio_sobre_a_percepo_dos_estudantes_de_medi_timestamp,c_informado,instit,codigo,data_inq,idade,genero,estado_civil,tem_filhos,depend,local_nasc,esecund_local,resid_actual,cquem_vive,trab_estuda,ano_acad,tipo_renda,prof_pai,prof_mae,nescola_mae,nescola_pai,parente_saude,psaude_especif,fproximo,fdistante,aproximo,cquem_vivo,colega_curso,vizinhos,docente,padmin,ong_volunt,rsociais,outras_p,ajudar,cont_pessoas,salva_vidas,aj_dcovid19,vontade,dom,import_medico,influencia,med_resp,doent_fam,dif_pessoais,adq_conhec,curiosid,fac_emprego,renum,sem_opcao,sprg_ensino,qual_docentes,qual_sist_apoio,acess_mater,acess_doentes,tut_plataformas___1,tut_plataformas___2,tut_plataformas___3,tut_plataformas___4,tut_plataformas___5,tut_plataformas___6,metod_online___1,metod_online___2,metod_online___3,metod_online___4,metod_online___5,metod_online___6,disp_tarefas,retor_desemp,resp_pront,aulas_online,exame_form,sobrecarga,tip_sobrecarga,tipo_form,loc_trab_pform,outros_locais,salario_min,especializacao,outra_especial,sector,sist_hibr,horar_sem,prog_ensino,metod_ens,model_aval,sist_apoio_func,lugar_estudos,secretaria,computador,software,impressora,auscultadores,cam_web,mat_escrit,internet,mat_curso,outro_mat,pesq_online,cont_digit,plat_e_online,plat_col_online,plat_com_online,soft_mestudo,def_avanc,alegre,esperanc,orgulhoso,frustrado,zangado,ansioso,enverg,aliviado,sem_espera,aborrecido,saude_fis,saide_ment,quest_est,educ_fut,fin_pess,fam_rel,car_profiss,crise_pandf,lazer,custo_estudos___1,custo_estudos___2,custo_estudos___3,custo_estudos___4,custo_estudos___5,trab_covid19___1,trab_covid19___2,trab_covid19___3,trab_covid19___4,trab_covid19___5,trab_covid_rem___1,trab_covid_rem___2,trab_covid_rem___3,trab_covid_rem___4,trab_covid_rem___5,trab_covid_rem___6,propinas,questionrio_sobre_a_percepo_dos_estudantes_de_medi_complete
1,,4/24/2024 14:39,,2,20201079,4/24/2024,22,1,1,2,2,4,11,1,1,2,3,5,Desempregado,Professora ,4,4,1,3,3,2,4,5,4,3,3,1,1,5,2,4,3,4,3,5,4,3,2,3,4,2,4,2,2,3,2,1,1,1,1,1,1,1,0,1,0,0,0,1,0,0,0,0,4,3,3,4,5,1,1,4,3,,45000,6,,3,5,4,4,3,5,4,5,5,5,5,3,5,5,5,5,5,3,5,5,5,5,5,5,5,3,3,3,4,3,5,3,2,3,4,3,4,4,5,4,3,5,2,4,0,1,0,0,0,0,0,0,0,1,0,0,0,0,0,1,2,2
2,,[not completed],,2,20200655,4/24/2024,21,1,1,2,2,10,11,1,5,2,3,5,Docente universitário,Docente do secundário ,4,6,1,3,5,1,5,1,5,1,5,2,5,5,5,5,5,5,3,2,5,5,1,1,1,1,5,1,1,1,1,1,1,1,1,1,1,0,1,1,0,0,0,0,0,1,0,0,4,2,4,5,5,1,1,3,2,,110.000,1,,3,2,6,6,4,4,4,5,5,5,5,2,5,5,5,3,5,,5,5,3,5,5,5,5,2,5,3,3,3,3,3,3,1,3,4,4,5,5,5,4,5,2,2,0,0,0,1,0,0,0,0,0,1,0,0,0,0,0,1,2,0
3,,4/24/2024 15:45,,2,20200543,4/24/2024,24,2,1,2,1,10,10,1,1,1,3,2,estivador,vendedeira,2,1,1,3,2,4,4,5,3,2,3,2,2,5,4,5,5,5,5,5,5,5,1,5,1,1,5,5,1,1,1,2,2,2,2,2,1,0,0,0,0,0,1,0,0,0,0,0,4,5,5,5,5,2,,3,5,,50000,3,,3,5,5,4,4,4,4,4,3,4,4,1,4,1,4,3,4,4,5,5,5,5,5,5,5,1,1,1,4,4,1,1,1,1,4,3,3,4,4,4,4,4,4,4,0,0,0,0,1,0,0,0,0,1,0,0,0,0,0,1,1,2
4,,4/24/2024 17:36,,2,20200783,4/24/2024,23,1,1,2,2,10,10,1,1,1,3,4,Advogado ,Advogada ,3,4,2,,5,4,4,5,1,1,1,1,1,5,3,5,2,5,4,5,5,4,5,4,5,3,3,4,1,4,1,1,2,2,1,1,0,0,0,1,0,0,0,0,0,1,0,0,4,3,3,3,3,2,,4,5,,45000,3,,3,3,3,3,3,3,3,4,5,5,5,5,5,5,5,5,5,1,5,5,5,5,5,5,2,3,4,2,3,2,4,2,2,3,5,5,5,5,5,5,5,5,2,2,0,0,0,1,0,0,1,0,0,0,0,0,0,0,0,1,1,2
5,,[not completed],,2,20190204,4/25/2024,21,1,1,2,2,10,10,2,1,2,3,5,Faleceu ,Guarda fronteira ,4,5,2,,5,3,5,1,5,1,2,1,1,1,2,4,2,4,3,5,1,1,1,1,3,1,5,1,1,1,1,2,2,2,1,2,0,0,1,0,0,0,0,0,0,0,1,0,3,1,3,5,4,2,,4,3,,50000,7,,3,1,1,1,1,1,1,,,3,3,1,4,3,5,3,4,2,5,5,5,5,5,5,,2,2,2,5,2,5,1,1,5,2,5,5,5,5,5,3,5,2,1,0,0,0,0,1,0,0,1,0,0,0,0,0,1,0,0,2,0
6,,4/26/2024 4:52,,2,20180290,4/26/2024,22,1,1,2,2,11,11,2,1,2,3,1,Economista,Ecconimista,4,4,1,3,3,1,3,5,1,1,1,1,1,3,1,4,3,3,2,5,3,1,3,1,1,1,3,1,1,1,1,2,1,1,1,1,1,0,0,1,0,0,1,0,0,0,0,0,4,4,4,3,5,1,1,3,5,,,1,,3,5,5,5,4,4,3,5,5,5,5,1,5,5,5,3,4,3,5,5,3,5,5,5,1,3,3,3,3,3,3,3,1,1,2,5,5,5,5,5,3,3,1,3,0,1,0,0,0,0,0,0,0,1,0,0,0,0,0,1,1,2
7,,[not completed],,2,20190501,4/28/2024,22,1,1,2,2,10,11,3,1,2,6,5,Motorista ,Gestora ,5,3,1,3,1,2,1,,1,1,1,1,1,1,1,,,5,,,,,,,,,,,,,,1,1,2,1,1,1,0,0,0,0,0,1,1,0,0,0,0,4,,,,,,,,3,,,3,,3,4,4,4,4,4,4,5,,,5,5,5,5,5,,,,,,,,,,,,,,,,,,,,,,,,,,,,,,0,0,0,0,0,0,0,0,0,0,0,0,0,0,0,0,,0
8,,5/22/2024 14:06,1,2,20211031,5/22/2024,21,1,2,2,2,11,11,1,5,2,4,2,Gerente,Doméstica,3,3,2,,5,2,2,5,5,3,2,1,1,4,1,5,5,5,5,5,5,5,3,3,2,2,5,3,2,2,1,1,1,1,1,1,1,0,1,1,0,0,0,0,0,1,0,0,4,4,4,4,4,2,,3,1,,25.000,2,,3,4,4,4,4,4,4,4,2,3,4,5,5,5,5,5,3,1,4,4,4,4,4,4,4,4,4,3,4,3,4,3,3,4,3,4,5,4,4,2,4,4,2,2,1,0,0,0,0,0,1,0,0,0,0,0,0,0,0,1,1,2
9,,5/22/2024 14:14,1,2,20200461,5/22/2024,22,1,1,2,2,11,11,1,1,2,4,1,Comerciante ,Homemaker ,3,4,1,3,5,3,4,3,4,2,1,1,1,1,1,5,3,5,4,4,5,3,3,3,2,3,4,3,2,2,1,2,2,2,2,2,0,1,0,0,0,0,0,1,0,0,0,0,3,3,4,3,3,1,7,3,5,,65000,2,,3,3,3,3,3,3,3,4,1,4,2,1,3,1,3,3,3,3,3,3,3,3,3,3,3,4,3,1,4,3,3,2,2,2,2,5,5,3,5,4,5,4,4,2,0,0,0,1,0,0,0,0,0,1,0,0,0,0,0,1,1,2
10,,[not completed],1,2,20210887,5/22/2024,21,1,1,2,1,11,11,3,2,2,4,3,Contabilista ,Contabilista ,4,4,2,,5,2,1,5,3,4,3,4,4,4,4,4,3,5,2,5,3,3,1,2,3,2,4,3,2,2,1,1,1,1,1,1,0,0,0,0,0,1,0,0,0,0,0,1,4,3,4,4,4,1,6,1,4,,,2,,3,3,6,6,6,4,4,3,4,5,5,5,1,1,5,3,1,1,,,,,,,,3,4,3,3,3,5,3,2,3,3,1,1,4,1,2,2,3,2,2,0,0,0,1,0,0,0,0,0,1,0,0,0,0,0,1,1,0
11,,5/22/2024 14:46,1,2,20210554,5/22/2024,22,1,1,2,2,11,11,2,1,2,4,5,Arquiteto,Administradora ,4,5,1,3,1,1,1,2,3,2,3,3,2,5,1,5,5,5,3,2,4,4,2,2,2,2,3,1,2,2,1,2,1,2,2,1,0,0,0,1,1,0,0,0,0,1,0,0,4,1,3,4,4,2,,4,5,,60000,2,,3,4,4,3,4,4,3,4,5,5,5,2,3,1,5,2,4,5,5,5,3,4,5,5,3,2,3,2,4,2,2,2,3,2,4,2,1,3,4,3,2,3,2,1,0,0,0,1,0,0,0,0,0,1,0,0,0,0,0,1,1,2
12,,5/22/2024 14:49,1,2,20210170,5/22/2024,21,1,1,2,2,11,11,1,1,2,4,1,Juiz,Juiza,5,6,2,,3,1,3,3,3,1,3,1,1,3,1,5,3,5,4,5,3,3,3,3,3,3,5,3,1,1,1,1,1,1,1,1,0,0,0,0,0,1,0,0,0,0,0,1,5,5,5,4,4,2,,1,3,,70000,5,,3,4,4,4,4,4,3,5,5,5,5,5,5,5,5,5,3,3,4,5,3,5,5,5,5,3,3,3,4,2,2,2,2,2,2,3,4,4,2,4,2,4,2,2,0,1,0,0,0,0,0,0,1,0,0,0,0,0,0,1,1,2
13,,5/22/2024 14:50,1,2,20200655,5/22/2024,21,1,1,2,2,10,11,1,5,2,4,2,Docente,Docente,4,6,1,3,5,1,5,5,5,1,4,1,1,5,1,5,5,5,3,1,3,3,1,1,1,1,5,1,1,1,1,1,1,1,1,1,1,1,0,1,0,0,0,0,0,1,0,0,4,2,5,5,5,1,1,3,2,,100.000,1,,3,5,5,5,4,4,1,5,5,5,5,3,5,5,5,3,5,1,5,5,5,5,5,5,5,4,3,3,2,2,5,2,2,2,4,2,2,5,5,5,4,5,1,5,0,0,0,1,0,0,0,0,0,1,0,0,0,0,0,1,1,2
14,,5/22/2024 15:07,2,,,,,,,,,,,,,,,,,,,,,,,,,,,,,,,,,,,,,,,,,,,,,,,,,,,,,,0,0,0,0,0,0,0,0,0,0,0,0,,,,,,,,,,,,,,,,,,,,,,,,,,,,,,,,,,,,,,,,,,,,,,,,,,,,,,,,,,0,0,0,0,0,0,0,0,0,0,0,0,0,0,0,0,,2
15,,[not completed],1,2,,5/22/2024,22,1,1,2,2,10,10,2,1,2,4,1,Auditor,Contabilista,4,4,1,3,5,2,5,5,4,2,2,1,,5,2,3,4,5,3,5,3,2,1,1,3,1,3,3,3,2,1,1,2,1,1,1,1,1,1,1,0,0,1,1,0,0,0,0,4,3,3,3,3,1,1,3,1,,60000,5,,1,4,4,4,4,4,4,4,4,4,4,1,4,1,4,2,4,3,5,5,5,5,5,5,5,4,4,4,4,4,4,4,4,4,4,4,4,3,3,4,3,4,3,4,0,0,1,0,0,0,0,1,0,0,0,0,1,0,0,0,1,0
16,,[not completed],1,2,20200362,4/22/2024,22,2,1,2,2,10,,1,1,1,4,2,,,,,,,2,1,4,5,2,2,2,2,2,2,2,4,4,5,3,5,4,2,1,3,1,1,4,3,2,1,1,1,1,1,1,1,1,0,1,1,0,0,1,0,0,0,0,0,5,5,5,5,5,2,,3,4,,,3,,3,,,,,,,,,,,,,,,,,,,,,,,,,,,,,,,,,,,,,,,,,,,,0,0,0,0,0,0,0,0,0,0,0,0,0,0,0,1,,0
17,,[not completed],,,,,,,,,,,,,,,,,,,,,,,,,,,,,,,,,,,,,,,,,,,,,,,,,,,,,,,0,0,0,0,0,0,0,0,0,0,0,0,,,,,,,,,,,,,,,,,,,,,,,,,,,,,,,,,,,,,,,,,,,,,,,,,,,,,,,,,,0,0,0,0,0,0,0,0,0,0,0,0,0,0,0,0,,0
18,,5/22/2024 15:42,1,2,20200250,5/22/2024,22,1,1,2,2,11,11,1,1,2,4,1,Contabilista ,Gestora ,5,4,1,3,2,1,4,5,4,1,1,1,1,5,1,5,3,5,3,5,4,3,3,2,2,1,2,4,1,1,1,2,2,1,1,2,1,1,0,1,0,0,0,1,0,0,0,0,2,1,4,3,3,1,1,4,2,,200000,3,,3,3,3,2,2,4,3,5,5,5,5,4,5,3,5,3,4,4,4,4,3,5,5,4,3,3,2,2,5,5,5,3,3,4,4,2,4,3,2,2,4,2,2,4,1,0,0,0,0,0,0,0,0,1,0,0,0,0,0,1,1,2
19,,5/22/2024 15:44,1,,,,,,,,,,,,,,,,,,,,,,,,,,,,,,,,,,,,,,,,,,,,,,,,,,,,,,0,0,0,0,0,0,0,0,0,0,0,0,,,,,,,,,,,,,,,,,,,,,,,,,,,,,,,,,,,,,,,,,,,,,,,,,,,,,,,,,,0,0,0,0,0,0,0,0,0,0,0,0,0,0,0,0,,2
20,,5/22/2024 15:44,1,,,,,,,,,,,,,,,,,,,,,,,,,,,,,,,,,,,,,,,,,,,,,,,,,,,,,,0,0,0,0,0,0,0,0,0,0,0,0,,,,,,,,,,,,,,,,,,,,,,,,,,,,,,,,,,,,,,,,,,,,,,,,,,,,,,,,,,0,0,0,0,0,0,0,0,0,0,0,0,0,0,0,0,,2
21,,5/22/2024 15:45,1,,,,,,,,,,,,,,,,,,,,,,,,,,,,,,,,,,,,,,,,,,,,,,,,,,,,,,0,0,0,0,0,0,0,0,0,0,0,0,,,,,,,,,,,,,,,,,,,,,,,,,,,,,,,,,,,,,,,,,,,,,,,,,,,,,,,,,,0,0,0,0,0,0,0,0,0,0,0,0,0,0,0,0,,2
22,,5/22/2024 15:48,2,,,,,,,,,,,,,,,,,,,,,,,,,,,,,,,,,,,,,,,,,,,,,,,,,,,,,,0,0,0,0,0,0,0,0,0,0,0,0,,,,,,,,,,,,,,,,,,,,,,,,,,,,,,,,,,,,,,,,,,,,,,,,,,,,,,,,,,0,0,0,0,0,0,0,0,0,0,0,0,0,0,0,0,,2
23,,5/22/2024 15:49,2,,,,,,,,,,,,,,,,,,,,,,,,,,,,,,,,,,,,,,,,,,,,,,,,,,,,,,0,0,0,0,0,0,0,0,0,0,0,0,,,,,,,,,,,,,,,,,,,,,,,,,,,,,,,,,,,,,,,,,,,,,,,,,,,,,,,,,,0,0,0,0,0,0,0,0,0,0,0,0,0,0,0,0,,2
24,,[not completed],1,2,2016384,5/22/2024,26,1,3,1,1,8,8,,5,1,6,1,Tecnico 1 TMCEL,Gestora,5,4,1,,5,1,1,1,1,1,1,1,1,5,1,5,4,5,4,5,4,5,1,2,4,1,5,1,1,1,1,1,1,1,1,1,1,0,1,1,0,1,1,0,0,1,0,0,5,2,4,4,5,2,,3,4,,60000,2,,3,5,5,5,5,5,3,4,4,4,3,1,4,4,4,4,4,4,5,5,5,5,4,4,1,4,4,4,1,1,3,1,1,1,1,3,3,3,3,4,3,3,2,2,0,0,0,1,0,0,0,1,0,0,0,0,0,0,0,1,2,0
25,,5/22/2024 16:46,1,2,20210081,5/22/2024,34,2,1,1,1,10,8,2,2,1,4,4,Doméstico,Doméstica ,1,1,2,3,3,1,3,4,5,1,5,4,3,5,3,5,5,5,5,4,5,4,4,5,2,3,5,4,3,2,1,1,1,1,1,1,1,1,1,1,0,0,1,1,1,1,0,0,5,4,4,5,5,2,,3,1,,100000,1,,1,4,4,4,4,4,5,4,3,5,5,3,3,2,4,4,4,1,4,4,5,5,5,5,4,3,4,3,2,2,3,1,2,1,1,2,2,3,3,2,3,3,3,2,0,1,0,0,0,0,0,1,0,0,0,0,0,0,0,1,1,2
26,,5/22/2024 16:00,1,2,20200544,5/22/2024,21,1,1,2,2,10,4,1,2,2,4,1,Enginheiro,Econimista,4,4,1,3,5,4,5,5,5,1,4,1,1,5,5,4,3,5,3,5,4,1,1,1,3,1,5,1,1,1,1,2,2,1,1,1,0,0,0,0,0,1,0,0,0,1,0,0,4,3,5,5,5,1,1,3,3,,45000,7,Neurologia ou Cardiologia,3,4,4,4,5,4,4,4,5,5,5,1,4,5,5,4,4,5,4,5,2,5,5,5,5,3,3,3,4,4,4,3,3,4,4,3,3,4,4,4,4,5,5,2,0,1,0,0,0,0,0,0,1,0,0,0,0,0,1,0,1,2
27,,5/22/2024 16:06,1,2,Isctem,5/22/2024,21,1,1,2,2,11,11,1,1,2,4,5,Economista,Doméstica ,3,6,2,,5,2,3,5,4,1,4,1,1,5,3,4,2,5,4,3,4,2,1,3,1,2,5,3,1,1,1,2,1,2,2,2,1,1,1,1,0,0,0,0,1,1,0,0,5,3,4,3,5,1,2,4,3,,75000,3,,1,5,3,3,2,3,3,4,5,5,5,1,3,1,3,3,2,2,5,4,2,5,5,3,1,1,4,2,5,5,5,4,1,3,4,3,4,5,5,5,2,4,1,1,0,0,0,1,0,0,0,0,1,0,0,0,0,0,0,1,1,2
28,,5/22/2024 16:11,1,2,20220993,5/22/2024,26,1,1,2,2,11,11,1,5,2,4,1,Contabilista,Psicóloga,4,4,1,2,4,1,2,5,3,1,1,1,1,5,1,5,3,5,5,5,5,5,2,2,1,1,4,3,1,1,1,1,1,2,2,1,1,0,1,0,0,0,1,0,0,0,0,0,3,3,4,3,3,1,1,3,3,,69000,7,Emergência ,3,5,4,4,4,3,3,5,5,4,4,1,1,3,5,3,4,3,4,4,1,4,4,3,1,4,4,3,3,3,4,3,3,2,3,3,4,5,5,5,5,5,1,3,0,0,0,1,0,1,0,0,0,0,1,0,0,0,0,0,1,2
29,,[not completed],1,,,,22,1,,2,2,11,11,1,1,2,4,5,funcionário do estado ,funcionária do estado ,4,4,1,3,5,3,5,,3,3,,,,5,,4,4,5,4,5,4,4,2,3,2,1,5,,,,,,,1,1,1,1,0,0,0,0,0,1,0,0,0,0,0,4,4,4,4,,,,,3,,,5,,3,,,,4,4,3,3,4,5,2,1,1,1,4,3,,,4,4,,4,2,4,,2,2,2,2,2,2,2,2,2,3,3,,,,,,,3,3,0,0,0,0,1,0,0,0,0,1,0,0,0,0,0,1,1,0
30,,[not completed],1,2,20210063,5/22/2024,26,1,3,1,1,3,3,1,5,1,4,4,Militar,Domestica,3,4,1,3,5,2,4,,5,1,3,1,3,5,1,4,5,5,4,5,3,4,4,3,5,3,4,2,2,2,2,1,1,2,2,1,1,0,0,1,0,0,1,0,0,0,0,0,4,4,5,4,4,2,,1,5,,150000,7,,3,4,4,3,4,4,4,3,4,4,4,1,1,1,5,4,3,3,5,4,4,4,4,4,3,4,3,3,3,2,4,2,3,1,2,2,3,3,4,4,3,3,3,3,0,0,0,1,0,0,0,0,0,1,0,0,0,0,1,0,1,0
31,,[not completed],1,2,2015018,5/22/2024,25,1,2,2,2,11,11,1,5,1,6,3,Empreendedor ,Empreendedora,2,3,1,3,5,2,3,5,2,1,2,2,2,5,2,5,2,4,4,5,3,2,2,2,4,2,4,3,2,2,1,2,2,1,1,1,1,0,0,0,0,0,1,0,0,0,0,0,2,2,4,1,4,1,1,4,3,,60000,6,,3,4,1,2,3,3,2,3,4,5,5,2,5,5,5,3,4,2,5,5,3,5,5,5,5,2,3,3,4,4,5,5,2,3,3,4,5,5,5,5,5,5,5,5,0,0,0,0,1,0,1,0,0,0,0,0,0,0,0,1,1,0
32,,[not completed],1,2,20180127,5/22/2024,21,1,1,2,1,11,11,1,2,2,4,5,Falecido,Comerciante ,3,3,1,3,5,1,2,1,1,4,1,1,1,5,2,3,3,3,3,2,3,2,3,2,1,1,2,5,1,1,1,1,1,1,1,1,1,0,0,0,0,0,1,0,0,0,0,0,4,3,5,5,5,2,,2,3,,100000,4,,3,2,2,2,2,2,,5,,5,5,5,5,5,5,4,5,5,4,,5,5,5,5,5,4,5,3,1,1,2,1,1,1,1,2,3,4,4,5,2,5,1,5,0,1,0,0,0,0,0,0,0,1,0,0,0,0,0,1,1,0
33,,5/22/2024 16:36,1,2,20200165,5/22/2024,32,2,1,1,1,4,4,1,5,1,4,1,camponês ,camponês ,1,1,1,3,3,2,1,2,5,1,3,1,1,5,1,5,3,4,3,2,2,3,1,4,1,2,5,2,1,2,1,1,1,1,1,1,1,0,0,0,0,0,1,0,0,0,0,0,5,4,3,4,5,1,1,3,1,,100000,2,,1,4,4,3,4,3,1,3,1,4,1,1,1,1,5,2,2,1,4,4,3,5,1,3,2,3,3,1,1,1,2,1,1,5,5,1,1,5,2,4,2,2,1,1,0,1,0,0,0,1,0,0,0,0,0,0,0,0,1,0,1,2
34,,[not completed],1,2,20210246,5/22/2024,32,1,2,1,1,10,10,3,5,1,4,4,enfermeiro,comerciante,1,3,,,,,,,,,2,,,5,,,,,,4,,,,,,,,,,,,1,1,2,1,1,0,0,1,0,0,1,1,0,0,1,0,0,5,5,5,5,5,1,6,,1,,100000,5,,3,4,4,4,4,4,3,1,1,5,3,1,1,1,5,3,4,,1,1,,1,1,1,1,,,,1,,,,,,,5,3,5,2,5,5,3,1,1,0,0,0,0,1,1,0,0,0,0,0,0,0,0,1,0,1,0
35,,5/22/2024 16:44,1,2,2,5/22/2024,32,1,1,2,2,11,11,1,1,1,4,4,reformado,doméstica,2,3,2,,5,1,5,5,1,1,1,1,1,5,2,4,2,5,3,1,5,2,1,2,4,2,3,1,1,1,1,1,1,2,2,1,0,1,0,1,0,0,0,1,0,0,0,0,4,3,4,5,5,1,6,2,3,,95000,2,,3,4,5,4,5,5,1,4,5,1,1,1,1,1,5,3,3,4,2,4,2,5,5,2,2,3,5,4,4,4,5,3,2,2,3,1,4,5,4,5,3,5,2,1,0,0,0,0,1,1,0,0,0,0,0,0,1,0,0,0,1,2
36,,5/22/2024 16:50,1,2,2014530,5/22/2024,28,1,1,2,2,11,10,1,1,2,6,5,Agro Pecuário ,contabilista ,4,3,1,3,1,1,2,1,3,1,1,1,1,5,1,4,3,5,3,5,5,5,3,3,3,3,4,4,3,2,1,2,2,2,1,1,0,0,0,0,0,1,0,0,0,0,0,1,3,3,4,2,4,2,,4,5,,80.000,7,medicina legal ,3,2,2,4,2,4,2,2,4,3,3,2,3,3,4,1,3,3,4,4,3,4,4,3,3,3,3,3,4,4,4,2,3,4,4,4,5,5,5,5,3,5,4,2,0,0,0,0,1,0,1,1,0,0,0,0,0,1,0,0,1,2
37,,5/22/2024 17:03,1,2,211,5/22/2024,21,1,1,2,2,5,2,1,1,2,4,1,reformado ,Empreendedora ,3,5,1,3,5,4,4,3,2,1,4,1,1,5,1,5,4,5,3,5,5,5,4,4,2,4,4,4,2,2,1,2,2,2,1,1,1,0,0,0,0,0,1,0,0,0,0,0,4,2,4,2,3,1,1,1,5,,50000,3,,3,5,3,3,3,2,1,5,5,4,5,1,4,5,4,4,3,1,5,5,4,5,5,5,3,3,5,3,4,4,5,4,3,1,4,2,1,5,3,2,2,3,1,2,0,0,0,1,0,0,0,0,0,1,0,0,0,0,0,1,1,2
38,,5/22/2024 17:03,1,2,2014320,5/22/2024,27,1,1,1,2,11,11,1,5,2,6,1,Docente ,Psicóloga,6,4,1,2,5,2,5,5,4,1,5,2,2,5,5,4,4,5,4,2,3,4,5,5,1,1,4,1,1,1,1,1,1,1,2,1,1,0,0,1,0,0,1,0,0,1,0,0,5,5,5,5,5,1,1,3,3,,80000,2,,3,5,5,5,5,4,5,4,3,4,4,3,4,4,4,5,5,1,4,5,4,3,4,3,5,4,4,3,1,1,4,1,1,1,1,4,4,4,4,4,4,4,3,3,0,1,0,1,0,0,0,0,1,1,0,0,0,0,0,1,1,2
39,,[not completed],1,2,2015055,5/22/2024,24,1,1,2,2,11,11,2,1,2,6,5,Comerciante,Comerciante,6,6,1,3,1,5,1,1,4,4,4,4,4,5,4,1,4,5,2,3,5,5,3,1,2,1,5,5,1,1,1,1,1,1,1,1,1,0,0,0,0,0,1,0,0,0,0,0,4,4,4,4,4,1,1,3,2,,100.000,2,,2,4,4,4,4,4,4,3,4,4,3,1,5,5,3,3,2,1,2,4,4,4,4,4,4,3,4,4,2,2,2,1,2,1,4,1,1,,1,1,1,1,,1,0,1,0,0,0,0,0,0,0,1,0,0,0,0,1,0,1,0
40,,5/22/2024 17:27,1,2,2015055,5/22/2024,24,1,1,2,2,11,11,2,1,2,6,5,Comerciante,Comerciante,6,6,1,3,1,5,1,1,4,4,4,4,4,5,4,1,4,5,2,3,5,5,3,1,2,1,5,5,1,1,1,1,1,1,1,1,1,0,0,0,0,0,1,0,0,0,0,0,4,4,4,4,4,1,1,3,2,,100.000,2,,2,4,4,4,4,4,4,3,4,4,3,1,5,5,3,3,2,1,2,4,4,4,4,4,4,3,4,4,2,2,2,1,2,1,4,1,1,2,1,1,1,1,1,1,0,1,0,0,0,0,0,0,0,1,0,0,0,0,1,0,1,2
41,,5/22/2024 17:30,1,2,20170470,5/22/2024,24,1,2,1,1,4,11,1,5,2,6,5,Engenheiro Florestal ,Gestão de Recursos Humano,5,5,1,3,5,1,1,5,5,3,3,1,1,5,5,3,3,4,4,1,5,5,1,2,3,3,4,4,1,1,1,1,1,1,2,1,1,0,0,1,0,0,1,0,0,0,0,0,5,5,5,5,5,1,1,3,5,,50000,7,Dermatologia ,3,4,4,4,4,4,2,4,5,3,3,2,2,2,2,4,4,4,5,5,5,5,5,5,5,3,4,3,2,2,4,2,4,2,3,4,5,5,4,4,4,5,4,4,0,0,1,0,0,0,0,0,0,1,0,0,0,0,0,1,1,2
42,,5/22/2024 17:45,1,2,20180544,5/22/2024,28,2,1,2,2,3,3,1,2,2,4,1,campones ,doméstica ,1,1,1,3,5,5,5,5,5,5,3,5,2,5,5,5,5,5,5,5,5,5,5,5,5,5,5,5,5,5,5,1,1,2,2,1,1,0,0,0,0,0,1,0,0,0,0,0,4,4,4,4,4,1,5,,4,,100000,2,,3,4,4,4,4,4,4,5,5,1,1,1,3,1,4,2,2,1,4,4,4,4,4,4,2,3,4,3,2,2,4,2,3,2,1,3,3,2,4,5,5,5,5,2,0,0,0,0,1,0,0,1,0,0,0,0,0,0,0,1,1,2
43,,[not completed],1,2,2016839,5/22/2024,25,1,3,2,1,10,10,1,,1,6,,Contabilista,Militar,4,4,1,3,5,2,2,2,2,2,3,2,2,1,2,5,5,5,3,5,4,5,1,2,1,1,5,1,1,1,1,1,2,1,2,2,1,0,0,1,0,0,1,0,1,1,0,0,4,4,4,4,4,1,1,1,4,,,3,,3,4,1,4,4,4,1,5,5,3,3,2,5,1,5,,5,3,4,4,3,4,4,3,3,5,5,5,1,1,3,3,5,1,1,2,5,5,5,5,5,5,4,1,0,0,0,0,1,0,0,1,0,0,1,0,0,0,0,0,1,0
44,,5/22/2024 17:55,1,2,2014547,5/22/2024,27,1,1,2,2,11,11,3,5,2,6,1,Engenhario,Empresária,4,4,1,3,4,1,5,4,4,1,1,1,1,5,4,5,1,5,4,5,4,3,1,3,2,3,3,2,1,3,1,2,1,1,1,1,0,0,0,0,0,1,0,0,0,0,0,1,4,3,4,3,2,1,1,1,2,,120000,7,Cardiologia pediatrica,1,4,4,4,4,4,3,3,2,3,2,1,3,1,5,3,4,2,4,4,3,5,4,5,4,5,4,3,1,2,3,1,3,1,3,3,4,5,4,5,5,5,4,2,0,0,0,0,1,0,1,0,0,0,0,0,0,0,0,1,1,2
45,,5/22/2024 18:23,1,2,20190568,5/22/2024,24,1,1,2,2,11,11,1,1,2,4,1,Gestor financeiro ,Enfermeira SMI/Nutricionista ,4,5,1,2,3,2,4,5,3,1,3,1,1,5,1,4,2,4,3,2,2,3,2,2,2,2,3,2,2,2,2,1,1,1,2,1,1,0,1,1,0,0,0,0,0,1,0,0,4,3,3,4,4,1,6,,2,,50000,3,,1,4,4,3,4,4,2,4,5,5,4,3,4,3,5,4,3,2,4,3,3,4,4,2,2,2,3,2,4,3,5,2,3,3,4,1,1,4,2,2,3,3,3,1,0,0,0,0,1,0,0,0,0,1,0,0,0,0,1,0,2,2
46,,[not completed],1,,,,,,,,,,,,,,,,,,,,,,,,,,,,,,,,,,,,,,,,,,,,,,,,,,,,,,0,0,0,0,0,0,0,0,0,0,0,0,,,,,,,,,,,,,,,,,,,,,,,,,,,,,,,,,,,,,,,,,,,,,,,,,,,,,,,,,,0,0,0,0,0,0,0,0,0,0,0,0,0,0,0,0,,0
47,,5/23/2024 2:57,1,2,20170628,5/23/2024,25,1,1,2,2,10,10,1,1,2,6,1,Contabilista - Pai falecido ,Contabilista,3,3,1,3,5,3,5,5,5,3,2,1,1,5,5,5,5,5,3,1,5,5,1,1,5,1,5,5,1,1,1,2,1,2,2,1,1,1,1,1,0,1,1,0,1,1,0,1,5,5,4,5,5,1,6,3,1,,60000,7,Radiologia ,3,4,5,5,5,5,2,4,5,5,5,5,5,5,5,2,3,5,4,4,1,4,4,4,3,2,2,2,3,3,4,1,3,4,1,5,5,5,5,5,5,5,1,1,0,0,0,0,1,0,0,0,1,0,0,0,0,0,1,0,1,2
48,,[not completed],1,2,2016387,5/23/2024,26,1,1,2,2,11,11,1,1,2,6,5,contabilista ,farmacêutica ,4,4,1,2,5,1,3,1,4,2,4,1,1,5,1,5,3,4,4,1,3,3,1,3,2,4,4,3,3,3,2,1,1,2,1,1,1,0,1,1,0,0,1,0,0,1,0,0,4,4,5,,5,1,1,3,3,,80000,1,,3,3,5,2,4,4,5,3,1,4,4,3,1,3,5,3,3,1,4,3,4,5,3,4,4,4,4,2,2,3,4,4,1,1,4,3,4,3,4,4,4,4,2,4,0,0,0,1,0,1,0,0,0,0,0,0,0,0,0,1,1,0
49,,5/23/2024 6:53,1,2,20210857,5/23/2024,21,1,1,2,2,11,11,1,1,2,4,5,Docente,Alfândegaria ,4,6,2,,5,2,5,5,3,1,2,1,1,5,1,5,4,5,4,2,2,1,1,1,2,1,2,2,1,1,1,1,1,1,1,1,0,1,0,1,0,0,0,1,1,1,0,0,5,4,4,4,4,2,,3,1,,90000,5,,1,4,4,4,4,4,4,5,5,5,4,5,4,4,5,4,5,1,4,4,2,4,4,4,2,4,4,3,1,1,4,1,1,1,3,1,2,4,3,1,2,3,2,2,1,0,0,0,0,0,0,0,0,1,0,0,0,0,0,1,1,2
50,,[not completed],,,,,,,,,,,,,,,,,,,,,,,,,,,,,,,,,,,,,,,,,,,,,,,,,,,,,,,0,0,0,0,0,0,0,0,0,0,0,0,,,,,,,,,,,,,,,,,,,,,,,,,,,,,,,,,,,,,,,,,,,,,,,,,,,,,,,,,,0,0,0,0,0,0,0,0,0,0,0,0,0,0,0,0,,0
51,,[not completed],1,7,508.732.023,5/24/2024,20,2,1,2,2,6,6,2,,2,2,5,Aeronáutico,camponesa,3,4,1,3,3,4,1,5,3,3,1,4,4,5,3,5,4,5,5,1,5,1,1,1,4,,5,2,1,1,1,1,1,2,2,1,1,0,0,1,0,0,1,0,0,0,0,0,5,4,5,5,5,2,,3,1,,90000,3,,3,6,4,6,4,5,3,2,2,1,,1,4,1,4,1,1,5,4,5,4,4,4,4,4,3,,5,2,2,4,1,3,1,2,3,4,,1,1,2,,1,2,0,0,0,1,0,0,0,1,0,0,0,0,0,0,0,1,1,0
52,,[not completed],1,,,5/24/2024,33,2,1,1,1,5,5,1,5,1,2,2,doméstica ,doméstica ,1,1,2,,3,1,3,1,5,1,3,1,1,1,1,4,4,5,5,4,3,4,2,3,3,1,4,2,2,1,1,1,1,2,2,1,0,0,0,1,0,0,1,0,0,0,0,0,4,4,3,4,4,1,4,2,1,,80000,7,,1,4,5,4,4,4,5,4,4,2,2,2,2,2,4,4,4,,4,4,4,4,4,4,4,2,3,3,3,2,2,2,2,5,2,2,1,1,1,2,2,2,2,2,0,0,0,1,0,0,1,0,0,0,0,0,0,0,0,1,1,0
53,,[not completed],1,7,1,5/24/2024,30,2,1,1,1,5,5,1,5,1,2,5,Doméstico,Doméstica ,1,1,2,,3,1,1,5,5,5,1,1,,5,1,5,5,5,5,5,5,1,1,1,1,1,5,1,1,1,1,1,1,2,2,2,1,0,0,0,0,0,1,0,0,0,0,0,4,4,4,4,4,2,,1,1,,60000,3,,3,6,6,6,6,6,6,5,5,5,5,1,1,1,2,2,5,5,4,4,4,4,4,4,3,5,5,5,1,1,1,1,1,1,1,1,1,1,3,5,1,5,5,1,0,0,0,1,0,0,0,0,0,1,0,0,0,0,0,1,1,0
54,,5/24/2024 16:32,1,7,1,5/24/2024,33,2,1,1,1,11,7,1,3,2,1,5,camponês ,campunes,3,3,1,3,1,5,1,1,1,4,1,2,2,2,2,4,4,4,4,4,3,4,1,4,4,4,4,4,4,4,4,1,1,1,1,1,1,1,1,0,0,0,1,1,1,0,0,0,4,4,4,4,4,1,2,2,1,,60.000,1,,1,4,4,4,4,4,4,5,4,1,1,1,1,1,1,3,5,1,6,5,6,4,6,5,4,5,3,5,2,1,5,2,2,3,3,5,5,1,5,2,3,5,4,2,0,0,1,1,0,1,0,0,0,0,0,0,0,0,0,1,1,2
55,,[not completed],1,7,508.822.023,5/24/2024,34,2,1,1,1,6,6,1,2,2,2,4,campones,camponesa,1,2,1,3,3,1,3,1,,1,3,1,1,5,1,5,5,5,5,5,5,5,1,1,1,1,5,1,1,1,1,1,1,1,2,1,1,1,1,1,0,1,1,1,1,1,0,0,6,6,6,6,6,2,,3,1,,2500000,3,,1,4,4,4,6,5,5,5,3,1,,1,1,5,5,3,5,5,5,5,1,1,5,5,1,3,5,5,1,1,2,1,1,1,1,1,2,5,5,5,3,4,1,2,0,0,0,0,1,0,0,0,1,0,0,0,1,0,0,0,1,0
56,,5/25/2024 5:32,1,7,511.142.024,5/25/2024,19,1,1,2,2,11,11,2,5,2,1,1,doméstico,doméstico ,2,2,2,,3,2,3,5,5,1,5,1,1,5,5,4,3,5,3,5,5,5,3,3,1,1,5,4,4,4,1,1,1,2,2,1,1,0,0,0,0,0,1,0,0,0,0,0,5,5,4,5,5,2,,3,1,,80000,3,,3,4,5,5,5,5,2,3,5,2,3,1,3,3,5,3,5,3,3,3,5,5,5,4,4,2,3,3,4,4,4,3,2,4,4,2,5,4,4,5,4,4,4,3,0,0,0,0,1,0,1,0,0,0,0,0,1,0,0,0,1,2
57,,5/25/2024 5:32,1,,,,,,,,,,,,,,,,,,,,,,,,,,,,,,,,,,,,,,,,,,,,,,,,,,,,,,0,0,0,0,0,0,0,0,0,0,0,0,,,,,,,,3,,,80000,,,,,,,,,,,,,,,,,,,,,,,,,,,,,,,,,,,,,,,,,,,,,,,0,0,0,0,0,0,0,0,0,0,0,0,0,0,0,0,,2
58,,5/25/2024 5:48,1,7,1990,6/11/1990,34,2,1,2,2,6,6,1,1,1,1,4,Professor ,Camponesa ,1,3,1,3,5,4,1,5,5,2,2,2,2,5,4,3,5,4,3,1,3,4,3,4,1,5,3,3,4,3,1,1,1,2,2,1,0,0,1,0,0,0,1,0,0,0,0,0,4,4,3,3,4,2,,3,1,,75000,1,,1,3,3,3,4,4,3,3,2,3,1,1,1,1,5,3,2,2,4,4,3,4,4,3,3,2,3,1,3,3,3,2,1,3,3,2,1,1,2,2,1,1,1,1,0,1,0,0,0,0,1,0,0,0,0,1,0,0,0,0,2,2
59,,[not completed],1,7,,5/25/2024,18,4,1,2,2,7,7,1,5,2,1,1,professor ,professora ,4,4,2,,2,1,1,5,2,1,,,,3,,4,3,5,4,3,3,4,2,3,4,1,3,4,3,3,1,1,1,1,1,2,0,0,0,0,0,1,0,0,0,0,0,1,4,4,4,4,4,1,6,3,5,,150.000,3,,3,3,3,4,4,3,4,5,3,5,1,1,3,1,5,4,3,1,4,2,4,4,6,4,6,3,3,2,2,3,4,1,3,4,4,1,5,3,3,4,3,3,2,3,0,0,0,1,0,0,0,0,0,1,0,0,0,0,0,1,1,0
60,,[not completed],1,7,511.222.024,5/25/2024,21,2,1,2,1,8,8,2,2,2,1,5,Doméstico,Doméstica,1,1,2,,5,,5,,,5,,,,,,,,5,,5,,,5,,,,5,5,,,,1,1,2,2,2,0,0,0,1,0,0,0,0,0,1,0,0,,,,,6,1,4,3,1,,100000,1,,1,,,,6,,,,,5,,,,,5,,,,6,,6,,,6,6,,,,5,,,,,,5,,,,,,5,,,5,0,0,0,0,1,0,0,0,0,1,0,0,0,0,0,1,1,0
61,,5/25/2024 7:49,1,7,1,5/25/2024,19,2,1,2,2,1,1,1,3,2,1,1,Comercio ,Comercio ,1,3,2,,2,5,2,2,3,2,1,1,1,5,3,5,2,5,2,1,1,1,4,1,3,1,5,1,1,1,1,1,1,2,1,2,1,0,0,1,0,0,1,0,0,1,0,0,5,4,2,4,5,1,5,3,1,,60,3,,3,4,4,4,4,4,4,4,1,1,3,1,2,1,5,3,3,4,5,5,5,5,5,5,5,3,2,2,4,4,4,2,1,5,4,2,2,2,2,4,2,4,2,3,0,0,0,1,0,0,0,0,1,0,0,0,0,0,0,1,1,2
62,,5/25/2024 8:10,1,7,510.912.024,5/25/2024,28,2,1,2,1,11,3,1,5,1,1,4,Polícia ,Doméstica ,2,3,2,,2,3,3,3,3,3,3,4,3,3,3,4,4,4,4,4,3,4,1,4,2,2,4,2,1,1,1,1,1,1,1,1,0,0,0,0,0,1,0,0,0,0,0,1,6,6,6,6,6,2,,3,1,,50000,6,,1,6,6,6,6,6,6,3,5,5,5,1,2,2,5,3,5,5,4,4,4,6,6,4,4,5,5,5,5,5,5,5,5,5,5,1,2,4,4,2,1,4,5,1,0,1,0,0,0,0,0,0,0,1,0,0,0,0,0,1,2,2
63,,[not completed],1,7,510.832.024,5/25/2024,27,2,2,1,1,3,3,1,3,1,1,4,Morto,Camponesa,1,3,1,3,5,3,3,5,5,5,2,5,3,5,4,3,4,5,5,4,4,5,2,1,4,3,5,3,1,2,1,1,1,2,2,1,0,0,0,0,1,0,0,0,0,0,1,0,4,4,2,2,4,2,,3,1,,80.000,1,,1,2,4,4,4,3,2,5,1,2,3,1,1,1,5,3,3,,4,4,4,4,4,4,3,3,4,3,3,2,5,1,3,3,3,1,5,5,3,4,5,2,5,2,0,0,0,0,1,1,0,0,0,0,0,0,1,0,0,0,1,0
64,,[not completed],,,,,,,,,,,,,,,,,,,,,,,,,,,,,,,,,,,,,,,,,,,,,,,,,,,,,,,0,0,0,0,0,0,0,0,0,0,0,0,,,,,,,,,,,,,,,,,,,,,,,,,,,,,,,,,,,,,,,,,,,,,,,,,,,,,,,,,,0,0,0,0,0,0,0,0,0,0,0,0,0,0,0,0,,0
65,,5/25/2024 9:05,1,,,,,,,,,,,,,,,,,,,,,,,,,,,,,,,,,,,,,,,,,,,,,,,,,,,,,,0,0,0,0,0,0,0,0,0,0,0,0,,,,,,,,4,,,50000,,,,,,,,,,,,,,,,,,,,,,,,,,,,,,,,,,,,,,,,,,,,,,,0,0,0,0,0,0,0,0,0,0,0,0,0,0,0,0,,2
66,,[not completed],,,,,,,,,,,,,,,,,,,,,,,,,,,,,,,,,,,,,,,,,,,,,,,,,,,,,,,0,0,0,0,0,0,0,0,0,0,0,0,,,,,,,,,,,,,,,,,,,,,,,,,,,,,,,,,,,,,,,,,,,,,,,,,,,,,,,,,,0,0,0,0,0,0,0,0,0,0,0,0,0,0,0,0,,0
67,,5/25/2024 10:36,1,7,26618,5/25/2024,18,1,1,2,2,3,3,1,5,2,1,1,Docente Universitário ,Professora Ensino médio ,4,5,1,3,5,5,5,5,5,2,2,1,1,5,5,1,4,4,4,4,4,4,3,3,3,3,3,4,3,3,1,2,2,2,2,1,0,0,0,0,0,1,0,0,0,0,0,1,5,5,5,5,5,1,1,3,2,,80000,3,,2,4,4,4,4,4,4,3,3,3,3,3,3,3,3,3,3,3,4,4,4,4,4,4,4,3,3,3,3,3,3,3,3,3,3,4,4,5,5,5,5,4,2,4,0,1,0,0,0,0,0,0,0,1,0,0,0,0,1,0,1,2
68,,5/25/2024 12:38,1,7,517.672.024,5/25/2024,18,1,1,2,2,6,6,1,1,2,1,5,Docente ,Domestica ,3,6,1,3,5,1,5,4,5,1,5,4,4,5,5,4,4,4,4,4,4,4,4,3,1,1,1,4,1,1,1,1,1,2,2,1,0,0,0,1,0,0,0,0,0,1,0,0,5,3,3,4,4,1,1,2,1,,70.000,6,,1,3,4,4,4,4,4,2,5,5,2,2,2,2,5,3,1,5,4,4,4,4,5,5,5,3,4,4,3,3,3,3,3,3,3,2,2,3,2,2,2,2,1,1,0,1,0,0,0,0,0,0,0,1,0,0,0,0,0,1,1,2
69,,5/25/2024 12:41,1,7,512.212.023,5/25/2024,21,2,1,2,2,6,6,2,1,2,2,5,Carpinteiro,Doméstica ,2,3,1,3,4,5,3,1,5,1,1,1,1,5,1,5,3,5,4,5,4,5,3,3,2,3,5,2,3,2,1,2,1,2,2,1,0,0,0,0,0,1,1,0,0,0,0,0,4,3,3,2,3,1,1,3,5,,90000,5,,3,3,3,3,3,3,3,3,5,4,2,1,1,3,4,3,2,3,5,4,4,4,4,4,3,2,3,4,2,2,3,1,4,3,2,2,4,5,2,4,2,3,2,2,0,0,0,1,0,0,0,0,0,1,0,0,0,0,0,1,1,2
70,,5/25/2024 13:06,1,7,517.652.024,5/25/2024,17,1,1,2,2,10,6,1,1,2,1,1,Docente Universitario,Professora,4,6,1,3,5,2,2,5,2,4,2,2,2,5,4,5,3,5,3,4,3,5,4,2,2,2,3,1,3,3,2,1,1,2,1,1,0,0,1,1,0,0,0,0,0,1,0,0,5,4,4,4,5,1,1,2,1,,75.000,1,,3,4,6,4,4,4,4,5,4,4,3,1,5,2,5,4,1,3,4,4,2,2,6,4,4,4,5,4,3,2,5,2,3,1,2,2,4,2,2,5,4,5,2,1,0,0,0,0,1,0,1,0,0,0,0,0,1,0,0,0,1,2
71,,[not completed],1,7,2,5/25/2024,30,2,1,1,1,6,6,3,5,2,2,5,Desempregado,Desempregado,1,1,2,,1,,1,,,1,,,,,,5,4,4,4,4,4,3,4,2,2,2,4,1,1,1,1,1,1,1,2,1,0,0,0,0,0,1,1,0,0,0,0,0,4,4,5,5,3,2,,1,5,,100,1,,1,6,6,6,6,6,6,3,2,3,1,1,3,2,1,2,3,2,4,4,3,3,4,3,4,3,2,1,1,1,2,3,2,2,3,1,1,2,2,3,3,3,2,2,0,0,0,0,1,0,0,0,1,0,0,0,0,0,1,0,1,0
72,,[not completed],1,7,1.012.182.016,5/25/2024,26,2,1,2,2,8,8,1,1,1,6,2,Motorista ,Contabilista ,3,2,1,3,5,1,5,5,3,5,1,1,1,5,5,5,5,5,5,5,5,5,1,5,1,5,5,5,5,5,1,2,1,2,2,1,0,0,0,0,1,0,0,0,0,0,1,0,1,1,1,1,1,1,1,3,5,,75000,1,,3,6,6,6,6,6,6,5,5,5,5,1,5,5,5,5,5,5,4,4,4,4,4,4,4,1,1,1,1,1,1,1,1,1,1,5,5,5,5,5,5,5,5,5,0,1,0,0,0,0,0,0,0,0,0,0,0,0,0,0,2,0
73,,5/25/2024 17:32,1,7,510.932.024,5/25/2024,27,2,1,2,2,3,3,2,3,2,1,1,Professor ,Professora ,3,4,1,3,3,3,3,3,3,3,3,1,1,1,3,5,4,5,5,4,5,3,3,2,2,1,5,5,2,1,1,1,1,2,1,1,1,0,1,1,0,0,1,0,1,1,0,1,5,5,4,4,4,2,,3,5,,,3,,3,3,3,3,4,3,3,2,1,1,3,1,1,1,5,2,1,1,6,5,5,5,5,5,3,1,1,1,4,4,1,1,1,1,4,2,2,5,5,5,5,5,5,5,0,0,0,1,0,0,0,1,0,0,0,0,0,0,0,1,1,2
74,,5/25/2024 17:52,1,7,511.232.024,5/3/2007,17,2,1,2,1,3,3,1,3,2,1,1,Professor ,Professora,4,4,2,,5,5,3,5,1,5,1,4,4,5,5,4,2,4,4,3,4,4,4,4,3,1,4,4,4,4,1,2,1,2,2,1,0,0,0,1,1,0,0,0,0,1,0,0,4,2,2,2,5,2,,3,1,,60000,3,,1,4,4,4,4,5,5,3,1,4,1,1,4,1,4,1,3,4,4,4,2,2,4,2,2,4,3,1,2,2,3,1,3,1,2,1,1,2,2,3,3,3,2,4,0,0,0,0,1,0,0,0,0,1,0,0,0,0,0,1,1,2
75,,5/25/2024 17:53,1,7,511.192.024,5/25/2024,19,2,1,2,1,3,3,1,3,2,1,1,Empreendedor ,Formadora ,3,3,1,3,1,2,1,5,2,2,4,4,2,5,1,5,1,5,5,4,3,5,4,4,4,2,4,3,3,3,1,1,1,1,1,1,1,1,1,1,0,0,1,0,1,1,0,0,5,4,5,5,5,1,5,3,1,,40000,3,,3,4,3,3,4,4,2,5,5,5,3,1,4,3,5,3,5,3,5,5,5,5,5,5,4,2,3,3,3,3,3,3,2,3,2,3,2,3,4,4,4,4,4,2,0,0,0,1,1,0,0,0,1,0,0,0,0,0,0,1,1,2
76,,5/25/2024 17:54,1,,,,,,,,,,,,,,,,,,,,,3,,,,,,,,,,,,,,,,,,,,,,,,,,,,,,,,,0,0,0,0,0,0,0,0,0,0,0,0,,,,,,,,3,,,40000,,,,,,,,,,,,,,,,,,,,,,,,,,,,,,,,,,,,,,,,,,,,,,,0,0,0,0,0,0,0,0,0,0,0,0,0,0,0,0,,2
77,,[not completed],1,7,510.862.024,5/25/2024,18,2,1,2,2,4,4,1,3,2,1,5,,Doméstica ,1,3,2,,1,2,1,2,,1,,,,1,,4,2,5,3,5,3,3,1,2,1,1,5,4,3,3,1,1,1,2,2,1,0,0,0,0,0,1,0,0,0,0,0,0,,,,,,1,1,2,3,,42000,7,Medicina Legal,3,,,,,,,2,1,1,1,1,1,1,4,4,2,,4,3,4,2,4,1,1,2,3,1,1,1,2,1,2,1,1,,,,,,,,,,0,0,0,1,0,0,0,0,0,1,0,0,0,0,0,1,1,0
78,,[not completed],1,7,09.10.2006,5/25/2024,18,2,1,2,2,4,4,2,2,2,1,1,,,,,,,5,5,3,5,2,1,1,1,1,5,3,5,5,5,2,3,3,4,2,1,1,4,2,5,2,1,1,1,1,2,1,2,0,0,0,0,1,0,1,0,0,0,0,0,5,6,5,4,3,2,,3,5,,50000,3,,1,3,3,4,2,3,2,2,1,1,3,1,1,3,5,3,4,3,5,4,3,2,3,4,1,3,2,2,4,3,5,2,2,1,3,2,2,5,3,3,2,5,1,1,0,0,1,0,0,0,0,0,0,1,0,0,0,0,0,0,1,0
79,,[not completed],1,7,09.10.2006,5/25/2024,18,2,1,2,2,4,4,2,2,2,1,1,,,,,,,5,5,3,5,2,1,1,1,1,5,3,5,5,5,2,3,3,4,2,1,1,4,2,5,2,1,1,1,1,2,1,2,0,0,0,0,1,0,1,0,0,0,0,0,5,6,5,4,3,2,,3,5,,50000,3,,1,3,3,4,2,3,2,2,1,1,3,1,1,3,5,3,4,3,5,4,3,2,3,4,1,3,2,2,4,3,5,2,2,1,3,2,2,5,3,3,2,5,1,1,0,0,1,0,0,0,0,0,0,1,0,0,0,0,0,0,1,0
80,,[not completed],1,,24102006,5/25/2024,18,1,1,2,2,10,6,2,2,2,1,5,seralheiro,professora,4,3,1,3,2,3,1,5,,,,,,5,5,4,5,5,4,2,5,4,2,2,5,5,5,5,3,1,2,1,1,1,1,1,1,0,1,1,0,0,1,0,0,0,0,0,4,5,5,5,4,2,,2,5,,,5,,1,4,4,4,5,4,4,5,5,5,1,5,5,1,5,5,5,5,5,2,5,5,2,,2,2,4,3,3,1,4,1,1,3,2,2,3,1,5,4,5,5,5,1,0,0,0,1,0,0,0,0,0,1,0,0,0,0,0,1,1,0
81,,5/25/2024 18:42,1,7,511.072.024,5/25/2024,17,2,1,2,2,4,4,2,3,2,1,1,Advogado,Nenhuma ,4,4,2,,4,2,5,5,1,1,1,1,1,5,3,5,5,5,1,3,3,1,2,1,1,3,4,5,2,2,1,1,1,2,2,1,0,0,0,0,1,0,1,0,0,0,0,0,4,2,3,3,3,2,,3,5,,50000,3,,3,3,3,4,3,3,2,2,1,1,3,1,3,2,4,3,3,4,4,4,1,1,5,4,1,3,2,2,3,3,4,1,2,3,4,2,4,4,2,3,2,2,1,2,0,0,0,1,0,0,0,0,0,1,0,0,0,0,0,1,1,2
82,,5/25/2024 19:02,1,7,510.972.024,5/25/2024,21,1,1,2,2,10,10,3,2,2,1,5,doméstico ,ambulante,1,1,2,,5,1,5,5,1,3,1,1,1,5,2,4,3,5,3,2,2,5,2,3,2,2,5,4,3,3,1,1,1,2,1,1,0,0,0,0,1,0,1,0,0,0,0,0,4,3,2,2,2,2,,3,1,,50000,3,,3,3,3,3,3,3,3,1,1,1,1,1,1,1,4,2,2,3,4,4,2,3,3,3,3,2,3,1,3,3,2,1,2,4,1,1,1,4,4,1,3,4,2,1,0,0,0,1,0,0,0,0,0,1,0,0,0,0,0,1,2,2
83,,5/25/2024 19:09,1,7,511.272.024,5/25/2024,26,2,3,1,1,6,6,1,5,1,1,4,Motorista ,Camponesa,1,1,2,,5,5,3,5,5,3,1,1,3,5,5,5,5,5,5,5,4,5,5,3,2,1,5,5,1,1,1,1,1,2,1,1,1,1,0,1,0,1,1,1,0,0,0,0,4,4,2,2,4,1,1,3,1,,80,5,,1,4,4,4,4,4,4,5,5,5,5,2,2,3,5,3,3,3,4,4,3,4,4,4,4,3,4,3,3,3,4,3,3,3,3,2,2,2,2,2,2,2,2,2,0,0,0,1,0,0,1,0,0,0,0,0,0,1,0,0,1,2
84,,5/25/2024 19:09,1,7,1234,5/24/2024,32,2,1,2,1,8,8,1,3,1,1,2,Falecido,Domestica,1,2,2,,3,2,1,1,5,3,1,1,1,5,1,5,5,5,5,5,5,3,1,2,1,1,5,4,3,4,1,1,1,1,1,1,0,0,0,0,1,0,0,0,0,0,1,0,6,6,6,6,6,2,,3,5,,60000,1,,3,6,6,6,6,6,6,5,3,3,4,1,1,1,3,3,4,3,5,5,4,4,5,5,3,1,1,1,1,1,1,1,1,1,1,1,1,1,1,3,2,1,1,2,0,0,0,0,1,1,0,0,0,0,0,0,0,0,0,1,1,2
85,,[not completed],1,7,16062001,5/25/2024,23,1,1,2,,11,11,3,5,2,1,1,engenheiro ,Farmacêutica ,4,4,1,3,1,,1,,,,,,,1,,1,,1,1,,,,,,,,,,,,,1,1,1,1,1,0,0,0,0,0,1,0,0,0,0,0,1,1,1,,,,2,,2,1,,60.000,6,,3,,1,,,1,1,1,,,,,1,,,,,,,1,,,,,,,1,,,,1,,,,,,,1,,,,,,,1,0,0,0,0,0,0,0,0,1,0,0,0,0,0,1,2,0
86,,5/25/2024 19:32,1,7,51.115.24,5/25/2024,20,2,1,2,1,4,4,3,3,2,1,1,Polícia ,administração pública ,4,3,2,,2,1,2,5,5,2,4,2,1,5,3,5,4,5,4,5,5,4,3,3,4,5,5,4,3,5,3,1,1,1,2,2,0,0,0,0,1,1,0,0,0,0,1,1,4,4,4,3,4,2,,1,5,,80000,7,Neurocirurgia ,3,4,3,3,4,3,4,3,3,3,3,1,1,1,3,3,2,3,5,6,4,4,4,4,4,3,3,3,3,3,3,3,3,3,3,3,3,3,3,4,4,4,4,3,0,0,0,0,1,0,0,0,0,1,0,0,0,0,0,1,1,2
87,,5/25/2024 20:12,1,7,05.1116. 2024,5/25/2024,18,1,1,2,2,1,1,1,3,2,1,1,Professor,Professora ,4,4,2,,5,1,4,5,5,2,1,1,2,5,1,4,2,5,4,2,3,1,1,1,2,1,4,4,1,3,1,1,1,2,2,1,0,1,0,0,0,0,0,1,0,0,0,0,5,4,5,5,4,2,,3,1,,100000,3,,3,4,4,4,5,4,4,3,2,4,2,1,1,2,5,4,4,5,5,5,4,4,4,4,4,3,5,4,2,2,3,2,3,1,3,3,3,4,5,2,3,4,3,1,0,0,0,1,0,0,0,1,0,0,0,0,0,0,1,0,1,2
88,,[not completed],1,7,511.212.024,5/25/2024,18,2,1,2,2,4,4,2,3,2,1,1,Professor,Professora,4,4,1,3,2,2,2,3,2,4,1,4,4,5,1,5,4,5,5,5,3,5,3,3,3,2,4,4,1,2,1,1,1,1,1,1,1,1,1,1,0,1,1,0,0,0,0,0,4,5,5,5,5,2,,3,1,,50000,7,Fisioterapia ,3,4,4,4,4,4,4,3,2,1,3,1,2,2,4,3,3,1,2,2,2,2,4,4,2,3,4,4,2,2,3,2,3,2,3,4,4,4,3,1,2,4,2,,0,0,0,1,0,0,0,0,0,1,0,0,0,0,0,1,1,0
89,,[not completed],1,,24102006,5/25/2024,18,1,1,2,2,10,6,2,2,2,1,5,seralheiro,professora,3,3,1,3,1,5,1,1,3,5,1,2,2,5,1,5,4,5,3,2,5,5,3,2,3,5,5,5,3,2,4,1,1,1,1,1,1,0,1,1,0,0,1,0,0,0,0,0,5,4,5,5,4,2,,,1,,50000,5,,1,4,5,4,5,4,5,5,5,3,1,5,5,2,5,5,1,5,5,2,5,5,2,3,2,3,5,3,3,1,4,1,1,1,1,1,4,5,5,2,3,5,5,1,0,0,0,1,0,0,0,0,0,1,0,0,0,0,0,1,1,0
90,,5/25/2024 21:51,1,7,30072006,5/25/2024,18,1,1,2,1,6,10,1,5,2,1,5,reformado,professora,4,4,2,,3,1,5,2,5,1,1,1,1,5,1,5,2,5,2,5,1,5,5,1,1,2,5,1,2,1,1,1,1,2,2,1,0,0,0,0,0,1,0,1,0,0,0,0,5,3,4,3,3,1,6,4,5,,50000,3,,3,3,4,4,3,3,3,1,1,1,1,1,1,1,5,3,2,1,4,2,1,2,2,3,2,4,5,2,3,4,3,1,2,1,5,1,3,1,5,1,1,5,2,1,0,0,0,0,1,0,0,0,0,1,0,0,0,0,0,1,1,2
91,,[not completed],1,7,123456,5/13/2002,22,2,1,2,1,3,3,3,3,2,2,1,professor,professor ,5,5,1,3,5,5,1,4,5,5,5,1,4,5,5,4,4,4,4,4,4,5,4,4,4,4,4,1,5,4,1,2,1,2,1,1,0,0,0,0,0,1,0,0,0,0,1,0,6,1,5,5,4,1,1,3,1,,100000,3,,3,2,6,4,4,4,5,1,2,4,1,1,,1,5,3,1,1,5,5,3,5,5,5,5,1,1,1,3,3,3,2,1,1,4,3,5,5,5,5,5,5,5,5,0,0,0,0,1,0,0,1,0,0,0,0,0,0,0,1,1,0
92,,[not completed],1,7,508.762.023,5/26/2024,21,2,1,2,2,5,5,2,5,2,2,1,Campones,Campones,3,3,1,3,3,4,4,,5,3,2,1,1,5,2,5,3,5,5,5,5,3,2,2,1,3,5,4,3,3,5,1,1,1,1,1,1,0,0,1,0,1,1,0,0,1,0,1,4,5,3,3,4,2,,3,4,,80000,7,Anatomia patologica,3,4,5,4,3,4,2,5,5,4,2,1,2,4,5,2,5,3,5,5,4,4,5,5,4,2,3,4,2,2,3,1,3,1,2,2,2,3,4,3,3,4,4,2,0,0,0,1,0,0,0,0,0,1,0,0,0,0,0,1,1,0
93,,5/26/2024 15:13,1,7,510.802.024,5/26/2024,22,2,1,2,2,3,3,1,5,2,1,1,Professor,Professora ,4,5,1,3,5,2,5,5,3,2,3,1,1,1,1,5,4,5,5,5,4,4,3,3,3,1,5,2,1,1,1,1,1,2,2,2,0,0,0,0,0,1,1,1,0,1,0,0,6,6,6,6,6,1,1,3,1,,75000,2,,1,6,6,6,6,6,6,5,3,4,4,1,4,5,5,3,3,4,4,4,4,4,5,5,5,4,4,4,2,2,3,1,3,1,3,3,3,4,3,4,3,3,2,2,0,0,0,1,0,0,0,0,1,0,0,0,0,0,1,0,1,2
94,,[not completed],1,7,516.052.023,,19,1,1,2,2,6,6,1,1,2,2,5,camponês,Camponesa,3,3,2,,3,1,2,5,,,,,,1,,4,1,4,3,3,,2,1,1,1,2,,1,1,1,1,2,1,2,2,1,0,0,0,0,0,1,0,0,1,1,0,0,,,,,,,,,5,,,2,,3,,,,,,,3,1,2,1,1,2,1,3,2,3,,4,4,3,4,4,4,2,3,5,2,2,2,3,1,2,1,1,2,1,4,2,1,1,3,2,1,0,0,0,0,1,0,0,0,0,1,0,0,0,0,0,1,1,0
95,,5/27/2024 8:13,1,7,512.242.023,5/26/2024,33,2,1,1,1,6,6,1,5,1,2,4,camponês ,camponesa,1,2,1,3,2,2,2,1,1,2,2,2,2,1,2,5,1,5,5,5,3,1,1,1,2,1,5,1,1,1,1,1,1,1,1,1,0,0,0,0,1,0,0,0,0,0,1,0,5,5,5,5,5,2,,3,1,,50.000,3,,3,4,4,4,4,4,4,3,1,5,2,2,5,2,5,3,3,3,4,4,4,4,4,4,4,3,3,3,3,1,3,1,3,5,1,1,1,2,2,2,4,4,2,1,0,1,0,0,0,1,0,0,0,0,0,0,0,0,1,0,1,2
96,,[not completed],1,7,516.152.024,5/28/2024,17,2,1,2,1,5,4,1,5,2,1,1,Docente,professora ,4,5,2,1,,1,4,4,4,4,4,4,4,5,4,4,3,4,4,2,4,4,1,3,2,2,4,4,4,4,1,1,1,2,1,1,1,1,0,1,0,0,1,1,0,1,0,0,4,4,4,4,6,1,1,2,1,,60,3,,1,4,4,4,2,2,4,5,3,5,5,3,2,2,5,5,5,3,4,4,4,4,4,4,4,3,3,3,4,4,2,1,5,1,2,5,5,3,2,4,1,4,4,4,0,0,0,1,0,0,0,0,0,1,0,0,0,0,0,1,1,0
97,,5/28/2024 14:40,1,7,510.962.024,5/28/2024,20,2,1,2,2,6,6,1,1,2,1,5,Desempregado,Desempregado,1,1,1,3,5,2,2,3,1,1,1,1,1,3,1,5,5,5,5,5,5,5,5,2,1,3,4,1,1,1,1,1,2,2,1,1,1,0,0,0,0,0,1,0,0,0,1,1,4,4,4,4,4,1,1,,3,,80,6,,1,1,6,4,6,6,6,5,5,5,5,5,5,1,5,3,4,5,4,2,3,6,3,3,2,3,5,1,1,1,4,1,1,1,1,5,5,5,5,1,4,2,3,3,0,0,0,1,0,0,0,1,0,0,0,0,0,1,0,0,1,2
98,,5/28/2024 19:00,1,7,280524,5/28/2024,29,2,1,2,1,5,8,1,5,1,1,4,Reformado,Doméstica ,1,3,1,3,5,3,5,5,3,3,1,3,3,5,3,4,4,4,3,3,4,4,1,4,1,4,4,3,3,4,1,1,1,2,2,1,0,0,0,0,1,0,0,0,0,0,1,0,6,6,6,6,6,2,,3,1,,60000,1,,3,6,6,6,6,6,6,4,4,1,1,1,5,2,4,3,4,3,5,5,1,5,5,4,4,1,1,1,1,1,1,1,1,1,1,1,1,2,3,3,3,4,2,3,0,0,1,0,0,0,1,0,0,0,0,0,0,0,1,0,1,2
99,,[not completed],1,7,511.122.024,5/28/2024,19,2,1,2,2,9,,3,3,2,1,1,Vendedor,Camponesa,1,1,2,,,1,,,,,,,,,,,,1,,,,,,,,,,,,,,1,1,2,2,1,0,0,0,1,0,1,0,0,0,0,0,0,1,,,,,1,1,3,1,,70000,3,,1,6,3,2,3,3,1,4,5,1,1,1,1,1,5,5,4,3,4,6,3,3,3,1,1,,,,,,,,,,,3,3,1,1,2,1,1,2,2,0,0,0,1,0,0,0,1,0,1,0,0,0,0,0,1,1,0
100,,[not completed],1,7,511.002.024,5/30/2024,17,2,1,2,2,6,6,1,2,2,1,1,Professor ,Professora,3,3,1,3,2,1,3,3,1,3,,,,3,1,4,3,5,2,2,2,5,3,3,2,1,5,2,2,3,2,2,1,2,2,1,0,0,0,0,0,1,0,0,0,0,0,1,5,4,4,4,4,2,,1,1,,70000,7,Neurocirurgia ,3,4,4,4,4,4,4,3,3,1,3,1,1,1,4,2,1,1,4,4,4,4,4,5,4,2,3,3,3,,3,1,3,3,4,1,2,4,3,3,2,2,1,2,0,0,0,1,0,0,0,0,0,1,0,0,0,0,0,1,1,0
101,,5/30/2024 9:23,1,7,516.142.024,5/30/2024,19,2,1,2,1,4,4,1,3,2,1,1,conta própria ,conta própria ,1,2,2,,5,2,5,4,5,5,3,3,1,5,1,5,4,5,5,5,4,5,4,4,3,4,4,4,4,4,2,1,1,2,2,2,1,0,1,0,0,0,1,0,0,0,0,0,4,4,4,2,4,1,3,2,5,,60.000,5,,3,4,4,6,4,4,4,5,3,4,3,3,2,2,4,5,5,3,4,4,4,4,4,4,4,2,3,1,2,2,3,4,1,2,2,3,5,3,4,3,2,5,1,2,0,0,0,0,1,0,0,0,0,1,0,0,0,0,1,0,1,2
102,,5/30/2024 10:05,1,7,510.902.024,5/30/2024,27,2,1,1,1,2,3,1,5,2,1,5,Campones,Camponesa,2,3,1,3,5,3,5,5,5,1,2,1,1,5,2,5,4,5,5,5,5,5,1,2,3,3,5,4,1,1,2,1,1,2,2,2,0,0,0,0,1,0,0,0,0,0,1,0,3,3,3,3,3,2,,1,1,,85000,3,,1,3,3,3,3,3,3,4,3,1,1,1,1,1,4,1,5,5,4,4,1,4,4,5,5,1,1,1,1,1,1,1,1,1,1,2,1,4,3,5,5,4,5,1,0,0,0,0,1,1,0,0,0,0,0,0,0,0,0,1,1,2
103,,[not completed],1,7,30052005,5/30/2024,19,1,1,2,2,6,,,1,2,1,1,ambientalista ,professora ,4,4,1,3,5,2,2,2,2,3,2,2,2,5,2,4,4,4,4,4,4,4,2,3,2,3,4,4,4,4,1,1,1,1,1,1,1,0,0,0,0,0,1,0,0,0,0,0,5,5,5,4,4,2,,2,1,,80000,3,,1,4,4,5,5,4,4,5,5,5,5,1,3,3,5,5,4,5,5,5,6,6,6,2,2,5,5,3,3,3,3,1,5,3,3,4,4,4,5,5,4,4,1,3,0,0,0,0,0,0,0,0,0,1,0,0,0,0,0,1,1,0
104,,[not completed],,,,,,,,,,,,,,,,,,,,,,,,,,,,,,,,,,,,,,,,,,,,,,,,,,,,,,,0,0,0,0,0,0,0,0,0,0,0,0,,,,,,,,,,,,,,,,,,,,,,,,,,,,,,,,,,,,,,,,,,,,,,,,,,,,,,,,,,0,0,0,0,0,0,0,0,0,0,0,0,0,0,0,0,,0
105,,[not completed],1,,,5/30/2024,35,2,1,1,1,5,5,1,2,1,3,5,falecido ,falecida ,,,1,3,5,5,5,5,5,5,5,3,4,5,5,5,5,5,5,5,5,5,5,5,5,5,5,5,5,5,5,1,1,1,,1,0,0,0,0,1,0,0,0,1,0,0,0,6,6,6,6,6,1,,3,1,,100,2,,1,6,6,6,6,6,6,5,5,5,5,5,5,5,5,5,5,5,,6,6,6,6,6,6,5,5,1,1,1,2,3,4,1,2,5,5,5,4,3,3,3,4,4,0,0,0,0,1,0,0,0,0,1,0,1,0,0,0,0,1,0
106,,[not completed],1,3,1,5/30/2024,22,1,1,2,2,3,1,1,2,2,3,5,Eletricista ,Falecida,4,4,1,3,3,1,1,1,2,2,2,2,2,4,4,4,4,5,4,3,4,4,4,4,4,3,4,3,3,3,1,1,1,2,2,1,0,0,0,1,0,0,0,0,0,1,0,0,4,4,4,4,4,1,4,3,3,,70.000,3,,2,4,4,4,4,4,4,2,2,1,1,1,4,4,2,3,,3,5,5,4,4,4,4,4,3,3,3,3,3,4,3,3,4,3,3,3,3,3,3,3,3,3,3,0,0,1,0,0,0,0,0,0,1,0,0,0,0,0,1,1,0
107,,5/30/2024 14:36,1,3,1220320215,5/30/2024,20,1,1,2,2,5,5,1,5,2,3,1,engenheiro eléctrico ,não trabalha,2,4,1,3,5,2,4,5,4,1,1,1,1,1,2,5,5,5,5,5,5,5,3,5,1,1,5,4,1,1,1,1,1,1,1,1,1,0,0,0,0,1,1,0,0,0,0,0,5,5,5,5,5,2,,2,4,,1000000,6,,3,4,3,4,4,4,4,3,5,1,1,1,1,5,5,5,5,5,5,5,4,3,5,5,3,2,5,1,3,4,5,1,1,5,3,2,2,4,3,2,4,5,1,2,1,0,0,0,0,0,0,0,1,0,0,0,0,0,0,1,2,2
108,,5/30/2024 15:49,1,3,1220320250,5/30/2024,39,2,1,1,1,5,5,1,1,1,3,4,Docente,Doméstica ,2,3,1,3,2,4,5,5,5,4,4,4,4,4,4,4,4,4,4,4,4,4,4,3,4,3,4,1,2,1,1,1,1,1,1,1,0,0,0,0,1,0,0,0,0,0,0,1,6,2,2,6,6,2,,,1,,100000,4,,1,1,1,1,1,2,4,5,5,5,5,1,1,1,5,3,3,3,4,4,4,6,4,6,6,1,1,1,1,3,3,1,3,3,1,5,5,2,5,1,5,5,2,2,0,0,0,1,0,0,0,1,0,0,0,0,0,0,0,1,1,2
109,,5/30/2024 15:51,1,,,,,,,,,,,,,,,,,,,,,3,,,,,,,,,,,,,,,,,,,,,,,,,,,,,,,,,0,0,0,0,0,0,0,0,0,0,0,0,,,,,,,,,,,100000,,,,,,,,,,,,,,,,,,,,,,,,,,,,,,,,,,,,,,,,,,,,,,,0,0,0,0,0,0,0,0,0,0,0,0,0,0,0,0,,2
110,,[not completed],,,,,,,,,,,,,,,,,,,,,,,,,,,,,,,,,,,,,,,,,,,,,,,,,,,,,,,0,0,0,0,0,0,0,0,0,0,0,0,,,,,,,,,,,,,,,,,,,,,,,,,,,,,,,,,,,,,,,,,,,,,,,,,,,,,,,,,,0,0,0,0,0,0,0,0,0,0,0,0,0,0,0,0,,0
111,,[not completed],1,3,1.0551E+16,5/30/2024,29,1,1,1,1,8,8,3,5,2,3,1,doméstico ,ESMI,3,2,1,2,5,1,5,5,5,4,4,1,1,5,,,,5,,5,,,,,,,,,,,,1,1,2,2,2,0,0,0,0,0,1,0,0,0,0,0,1,6,6,6,6,6,,,,5,,100000,7,neurologia ,1,6,6,6,6,6,6,5,5,1,1,1,1,1,4,2,5,5,4,4,1,3,4,4,4,1,1,1,1,1,1,1,1,1,1,4,5,5,5,5,3,5,5,2,0,0,0,0,1,0,0,1,0,0,0,0,0,0,1,0,1,0
112,,5/30/2024 16:33,1,3,1220320128,5/30/2024,22,2,1,2,2,5,5,3,1,2,3,5,camponês. Não trabalha ,camponês. Não trabalha,2,1,2,1,3,2,5,5,4,1,1,2,2,5,2,5,4,5,5,5,5,4,1,1,3,5,5,3,2,1,1,1,1,2,1,1,0,0,0,0,0,1,0,0,0,0,0,1,5,5,5,4,3,2,,1,1,,1000000,4,,1,4,3,2,1,1,1,1,1,1,1,1,1,1,5,2,4,3,5,5,1,1,5,1,1,5,5,5,1,1,3,3,4,1,1,2,1,1,2,5,1,1,3,4,0,0,0,0,1,0,0,0,0,1,0,0,0,0,0,1,2,2
113,,5/30/2024 19:33,1,3,1220320118,5/30/2024,22,1,1,2,1,5,5,2,1,2,3,5,professor aposentado,doméstica,2,6,1,3,3,1,2,4,3,1,1,1,1,5,1,5,5,5,3,5,5,3,1,2,5,2,4,5,3,2,1,1,2,1,1,1,1,0,1,0,0,1,1,0,0,0,0,1,5,3,4,4,3,2,,1,1,,50000,5,,1,3,4,4,4,3,2,3,1,1,1,1,1,1,4,3,5,4,4,2,5,5,5,3,3,3,5,1,3,3,3,2,1,3,5,1,4,1,3,1,3,4,1,1,0,0,1,0,0,0,0,0,0,1,0,0,0,0,1,0,1,2
114,,5/30/2024 19:37,1,3,1220320182,5/30/2024,20,1,1,2,2,3,3,2,5,2,3,5,alfandegário,doméstica ,1,3,1,3,3,1,5,5,1,1,1,1,1,5,1,4,3,5,3,5,4,3,2,3,5,3,5,3,3,3,2,1,1,2,1,2,1,0,1,0,0,0,0,0,1,0,0,0,3,3,1,3,3,1,2,3,3,,200000,7,neurocirurgia ,3,3,3,3,3,3,3,2,1,1,1,1,1,1,3,3,3,3,4,3,4,4,3,2,2,2,2,3,4,4,4,3,2,4,5,3,3,3,3,3,2,3,1,1,0,0,0,0,1,0,0,1,0,0,0,0,0,0,0,1,1,2
115,,5/30/2024 20:09,1,3,1220324101,5/30/2024,21,2,1,2,2,3,3,1,2,2,3,5,Médico psicólogo,Empreendedora ,3,4,1,1,3,1,4,5,5,3,4,2,2,5,2,5,4,5,3,5,4,5,2,3,2,2,4,3,3,3,1,1,1,2,1,2,0,0,0,0,0,1,0,0,0,0,0,1,4,3,4,3,4,2,,2,1,,80000,3,,3,3,4,2,3,2,3,3,4,4,4,1,1,3,4,4,4,1,5,5,4,4,4,4,4,3,4,3,2,2,3,3,3,2,4,2,3,4,3,2,2,5,1,2,0,0,0,1,0,0,0,1,0,0,0,0,0,0,0,1,1,2
116,,5/31/2024 7:34,1,3,1220320007,5/31/2024,20,1,1,2,2,5,5,1,1,2,3,1,Mecânico ,Conferente ,3,4,1,3,3,2,5,5,3,2,1,1,1,1,4,4,3,5,4,5,2,4,2,1,3,1,3,4,3,1,1,1,2,2,1,2,0,0,0,1,0,0,0,0,0,1,0,0,4,3,3,3,4,2,,1,4,,80.000,7,,3,3,4,3,3,3,2,3,4,4,4,1,3,3,4,4,3,2,4,3,2,2,3,3,1,4,3,3,2,1,3,2,3,3,5,2,3,4,5,3,5,2,1,2,0,0,0,1,0,0,0,0,1,0,0,0,0,0,0,1,1,2
117,,6/3/2024 9:40,1,7,510.982.024,5/26/2024,19,2,1,2,2,5,7,1,5,2,1,5,camponese,camponesa,2,2,2,,4,4,4,4,3,4,4,4,4,4,4,4,4,4,4,3,4,4,1,1,2,1,4,2,1,2,1,1,2,2,2,2,0,0,0,0,1,0,1,0,0,0,0,0,6,6,6,6,6,1,2,3,3,,98000,1,,2,3,3,3,3,3,3,2,1,1,1,1,3,1,2,1,1,1,4,4,4,4,4,4,4,1,1,1,1,1,1,1,1,1,1,1,1,1,1,1,1,1,1,1,0,0,0,0,1,0,0,0,0,1,0,0,0,0,0,1,1,2
118,,[not completed],1,3,1220320191,6/3/2024,32,2,2,1,1,5,5,1,5,1,3,4,falecido ,doméstica ,1,2,1,3,1,2,5,1,3,2,5,2,,5,,5,5,4,4,3,4,4,5,4,5,4,4,5,4,4,1,1,1,2,1,1,1,0,0,0,0,0,1,0,0,0,0,0,4,4,4,4,6,2,,3,4,,100000,7,medicina familiar ,1,4,3,4,4,3,3,3,5,2,2,1,1,1,4,3,5,,4,5,5,4,4,4,4,3,4,5,3,3,3,3,1,1,3,4,3,2,1,5,5,5,5,4,0,0,0,0,1,1,0,0,0,0,0,0,0,0,0,1,1,0
119,,[not completed],1,2,2016978,6/10/2024,25,1,1,2,2,9,11,1,2,2,6,5,falecido,falecida,1,2,1,3,5,2,5,5,5,5,3,3,3,5,5,4,4,5,4,5,4,3,3,2,2,2,5,1,1,1,1,1,2,1,1,1,1,0,0,1,0,0,1,0,0,0,0,0,5,3,4,5,5,2,,3,4,,80000,2,,3,4,4,5,5,4,4,3,5,3,1,3,3,1,4,4,2,,5,5,3,5,2,4,4,5,5,1,2,2,4,3,4,1,2,2,2,4,4,2,3,3,1,2,0,0,0,1,0,0,0,0,0,1,0,0,0,0,0,1,1,0
120,,[not completed],1,2,2015055,6/10/2024,25,1,1,2,2,11,11,2,1,1,6,5,Comerciante,Comerciante,4,4,1,3,5,1,2,2,2,2,2,2,2,2,2,5,3,5,2,2,5,3,4,1,1,1,5,5,1,1,1,1,1,1,1,1,1,0,0,0,0,0,1,0,0,0,0,0,4,4,4,4,4,1,1,3,3,,100.000,2,,3,4,4,4,4,4,4,4,4,4,4,1,4,4,4,3,4,3,4,4,4,4,4,4,4,3,3,,2,2,5,1,5,1,4,2,2,2,2,2,2,2,2,2,0,0,0,0,1,0,0,0,0,1,0,0,0,0,0,1,1,0
121,,6/10/2024 14:32,1,2,2015460,6/10/2024,27,1,1,2,2,11,11,1,2,2,6,5,Falecido ,Doméstica ,3,4,1,3,5,3,5,5,5,1,2,1,1,5,3,5,3,5,2,5,5,2,2,2,2,1,4,1,1,1,1,1,2,1,1,1,1,0,0,1,0,0,1,1,0,0,0,0,4,4,4,3,4,2,,,1,,60000,7,Anestesiologia ,3,4,4,4,4,4,3,5,3,5,5,3,5,5,4,5,4,2,4,4,4,4,4,4,4,3,3,2,3,2,1,1,3,1,1,4,4,2,2,4,4,4,3,1,0,0,0,1,0,0,0,0,0,1,0,0,0,0,0,1,1,2
122,,[not completed],1,2,2011248,6/10/2024,31,1,1,1,1,11,11,1,1,2,6,5,Empregado bancário - reformado,doméstica,2,3,1,3,5,3,1,5,3,2,2,1,1,5,1,5,3,5,3,5,5,5,1,3,3,1,4,2,2,2,1,2,2,1,2,1,1,0,0,1,0,0,1,0,0,0,0,0,4,4,4,4,4,1,,3,3,,65000,6,,3,3,3,3,3,3,4,3,3,5,3,1,5,5,5,4,3,1,4,4,4,4,4,4,4,3,3,2,3,3,3,1,1,3,3,1,1,1,4,5,3,5,1,1,0,0,0,1,0,0,0,0,0,1,0,0,0,0,0,1,1,0
123,,6/10/2024 14:35,1,2,20170346,6/10/2024,24,1,1,2,2,10,11,1,1,2,6,5,Docente ,Professora ,5,5,1,3,3,1,4,5,5,3,4,2,1,5,4,5,4,5,4,5,5,4,1,2,1,1,3,1,1,1,1,2,1,2,2,1,0,0,0,0,0,1,1,0,0,0,0,0,4,4,4,4,4,1,1,3,1,,70000,3,,1,4,4,4,2,2,1,3,5,5,5,1,5,5,5,3,3,2,4,4,4,5,5,5,2,2,2,2,3,2,3,1,1,3,4,3,3,3,3,4,3,4,2,2,0,0,0,1,0,0,0,0,1,0,0,0,0,0,1,0,1,2
124,,6/10/2024 15:11,1,2,2015899,6/10/2024,27,1,1,2,2,11,11,2,1,1,6,3,Aduaneiro,Técnica comercial de vendas ,4,4,1,3,3,3,3,3,3,2,2,2,2,3,3,3,3,4,3,4,4,3,2,2,2,2,4,2,1,1,1,1,2,2,2,1,1,0,1,0,0,0,1,0,0,0,0,0,4,3,3,4,2,1,1,3,3,,50.000,6,,2,3,3,3,3,3,3,3,4,3,4,2,2,3,3,3,3,1,4,4,4,4,4,4,4,3,3,2,3,3,3,3,2,2,3,2,3,3,4,4,4,4,1,2,0,0,1,0,0,0,1,0,0,0,0,0,0,0,0,1,1,2
125,,6/10/2024 15:16,1,2,20170421,6/10/2024,24,1,1,2,2,11,11,1,1,2,6,5,Polícia ,Gestora de Recursos Humanos,4,4,1,3,5,2,5,5,5,1,3,1,2,3,1,5,4,5,4,5,5,2,1,1,3,2,5,1,1,1,1,1,2,1,2,2,1,0,1,0,0,0,1,0,0,0,0,0,5,4,4,3,4,1,1,3,1,,100.000,2,,3,4,3,5,4,3,3,3,2,4,3,1,3,1,5,3,3,1,5,5,4,5,5,5,5,2,3,2,4,3,4,1,3,3,3,3,5,4,5,5,5,5,4,2,0,0,0,1,0,0,0,1,0,0,0,0,0,0,0,1,1,2
126,,6/10/2024 15:43,1,2,20170507,6/10/2024,24,1,1,2,2,11,10,2,1,2,6,5,Reformado ,Técnica superior de administração pública ,5,4,1,3,5,2,5,5,5,2,3,2,1,5,1,5,4,5,5,5,5,4,1,3,2,1,5,1,1,1,1,2,1,2,2,1,1,0,1,1,0,0,1,1,0,1,0,0,5,2,4,5,5,2,,3,4,,60.000,1,,3,5,5,4,4,4,4,5,5,5,5,1,5,5,5,4,4,3,5,5,4,5,5,5,4,4,5,1,3,3,3,1,3,1,3,3,3,5,5,4,4,5,2,2,0,0,0,1,0,0,0,0,0,1,0,0,0,0,0,1,1,2
127,,[not completed],1,2,2015088,6/10/2024,28,1,1,2,2,7,11,1,1,1,6,1,Gestor ,Doméstica ,4,5,1,3,1,2,5,2,1,1,4,4,4,4,4,5,4,5,5,1,5,4,5,1,5,5,5,5,3,2,1,2,1,2,2,1,1,0,0,0,0,0,1,0,0,0,0,0,5,5,5,5,5,2,,2,1,,,4,,2,5,5,5,5,5,5,4,4,5,5,3,5,4,4,5,4,5,4,4,4,4,4,4,4,4,5,,5,5,5,4,2,2,4,5,5,4,4,5,5,5,5,5,1,0,0,0,0,0,0,0,1,0,0,0,0,0,0,1,1,0
128,,6/10/2024 16:47,1,2,20170523,6/10/2024,26,1,1,2,2,11,10,1,1,2,6,1,engenheiro  mecânico ,empresária ,4,4,2,,2,1,1,3,1,1,1,1,1,3,1,4,3,4,3,5,3,4,1,3,3,2,4,2,3,2,2,1,1,2,2,2,1,0,0,0,0,0,1,0,0,0,0,0,4,4,3,4,4,1,1,3,3,,70.000,6,,2,4,4,4,4,4,3,3,3,3,4,3,3,3,4,3,2,1,4,4,2,4,4,4,2,3,4,3,3,2,3,1,3,1,2,1,2,4,1,2,1,2,1,1,0,0,0,1,0,0,0,1,0,0,0,0,0,0,0,1,1,2
129,,6/10/2024 17:23,1,2,2015060,6/10/2024,25,1,1,2,2,11,11,1,2,2,6,1,Reformado,Psicóloga ,4,4,1,3,4,3,5,5,5,1,4,2,1,5,3,4,3,5,3,5,4,2,1,2,2,1,4,3,1,1,1,2,1,2,2,2,1,0,0,1,0,1,1,0,0,0,0,1,2,1,3,2,2,2,,3,6,Uma associação de Público e privado. E se pudesse também pesquisas em ONGS,,5,,3,5,2,4,4,5,1,3,4,4,4,1,1,1,5,2,1,1,5,5,6,5,5,5,3,3,4,3,5,3,5,1,3,1,4,4,3,5,5,5,4,5,3,2,0,0,0,1,0,0,0,0,1,0,0,0,0,0,0,1,1,2
130,,6/10/2024 18:12,1,2,23q21,6/10/2024,30,2,2,1,1,11,11,1,5,1,6,4,jurista,professora,4,4,1,3,2,1,1,1,1,1,1,1,1,1,1,4,3,5,1,5,3,2,1,1,3,1,1,4,3,1,1,2,1,1,2,1,1,1,0,0,0,1,1,0,0,0,0,1,4,2,3,4,4,2,,,2,,60000,3,,3,4,3,3,3,4,3,3,3,4,5,1,5,5,4,2,3,3,5,5,4,4,4,4,4,3,3,3,5,2,4,1,3,2,4,4,4,3,4,5,5,5,5,4,0,0,0,0,1,1,0,0,0,0,1,0,0,0,0,0,1,2
131,,6/10/2024 18:29,1,2,242829,6/10/2024,29,1,1,2,2,9,9,1,2,2,6,1,Comerciante,Doméstica ,1,2,2,,5,1,1,1,3,1,2,1,1,3,1,3,2,5,3,5,5,3,1,1,2,2,4,1,1,1,1,2,1,2,2,1,1,0,0,0,0,0,1,0,0,0,0,0,4,3,4,5,3,1,1,3,1,,100000,7,Emergências Médicas ,3,4,4,4,4,4,2,5,5,5,3,1,1,3,5,3,3,3,5,5,5,5,5,4,3,4,4,3,1,1,2,1,4,1,1,1,3,4,4,4,4,5,3,3,0,0,1,0,0,0,0,0,0,1,0,0,0,0,0,1,1,2
132,,6/10/2024 18:31,1,2,2015862,6/10/2024,27,1,1,2,2,5,3,1,5,1,6,1,professor ,professora ,3,3,1,3,5,5,5,1,1,1,1,1,1,5,5,5,5,5,3,5,5,3,4,3,3,2,3,2,3,3,1,1,2,2,2,1,1,0,0,0,0,0,1,0,0,0,0,0,4,4,4,4,4,1,1,3,3,,60.000,3,,3,4,4,4,4,4,3,5,1,1,1,1,5,5,5,5,4,5,5,5,5,5,3,4,4,3,3,1,3,2,3,1,1,1,3,2,2,3,3,4,3,4,3,2,0,0,0,0,1,0,0,0,1,0,0,0,0,0,0,1,1,2
133,,6/10/2024 18:35,1,2,2016330,6/10/2024,25,1,1,2,2,11,11,1,1,2,6,1,Militar,Enfermeira,5,3,1,2,5,1,5,2,3,2,3,1,1,5,5,4,3,5,1,4,4,3,3,2,2,3,4,3,1,1,1,1,2,1,1,1,1,0,0,0,0,0,1,0,0,0,0,0,5,4,4,4,4,1,1,3,1,,60.000,3,,3,4,4,4,4,6,2,5,5,4,5,1,4,4,5,4,4,4,5,5,4,5,5,4,2,3,4,3,3,3,4,2,1,2,3,2,3,5,4,2,2,4,5,4,1,0,0,0,0,0,0,0,1,0,0,0,0,0,0,1,1,2
134,,[not completed],1,2,2015175,6/10/2024,27,1,1,2,2,11,10,2,1,2,6,1,Contabilista ,Contabilista,4,4,1,3,5,1,5,,1,2,,,,5,,5,3,5,3,5,2,4,1,1,1,1,5,3,1,1,1,2,1,1,1,1,1,0,1,1,0,0,1,0,1,1,0,0,4,4,4,4,4,2,,,3,,120.000,3,,3,4,4,4,6,4,6,5,5,5,5,1,5,1,5,5,5,,4,4,,4,4,4,6,3,4,5,2,1,3,3,,1,1,4,5,4,4,5,5,5,2,2,0,0,0,0,0,0,0,0,1,0,0,0,0,0,1,0,1,0
135,,6/10/2024 18:38,1,2,20170455,6/10/2024,24,1,1,2,2,11,11,1,1,2,6,1,Falecido ,Empresária ,3,3,1,3,5,3,5,4,5,2,5,5,5,5,5,5,4,5,3,4,3,4,3,2,2,3,4,3,2,2,1,1,2,2,2,1,1,1,1,1,0,1,1,0,1,1,0,0,5,4,5,4,5,1,1,3,1,,75000,7,Reanimação ,3,4,4,4,4,4,3,5,5,5,5,5,5,5,5,5,5,5,5,5,5,5,5,5,5,4,3,4,5,4,4,3,3,3,3,3,3,3,3,3,3,4,4,2,0,0,0,1,0,0,0,0,0,1,0,0,0,0,0,1,1,2
136,,6/10/2024 18:39,2,,,,,,,,,,,,,,,,,,,,,,,,,,,,,,,,,,,,,,,,,,,,,,,,,,,,,,0,0,0,0,0,0,0,0,0,0,0,0,,,,,,,,,,,,,,,,,,,,,,,,,,,,,,,,,,,,,,,,,,,,,,,,,,,,,,,,,,0,0,0,0,0,0,0,0,0,0,0,0,0,0,0,0,,2
137,,6/10/2024 18:39,2,,,,,,,,,,,,,,,,,,,,,,,,,,,,,,,,,,,,,,,,,,,,,,,,,,,,,,0,0,0,0,0,0,0,0,0,0,0,0,,,,,,,,,,,,,,,,,,,,,,,,,,,,,,,,,,,,,,,,,,,,,,,,,,,,,,,,,,0,0,0,0,0,0,0,0,0,0,0,0,0,0,0,0,,2
138,,6/10/2024 18:43,1,2,2016371,6/10/2024,26,2,1,2,1,11,11,1,1,2,6,1,Gestão de empresas ,Doméstica ,2,3,1,3,5,4,2,5,5,4,3,1,1,5,1,5,4,5,5,2,5,3,3,4,2,3,5,4,3,2,1,1,2,1,2,1,1,0,0,1,0,0,1,0,0,0,0,0,4,2,5,4,4,1,1,3,2,,60.000,1,,2,4,4,4,4,4,4,5,5,5,5,1,5,5,5,5,4,1,5,5,5,5,3,4,5,4,4,4,1,2,3,1,4,1,2,2,2,1,5,5,3,2,1,1,1,0,0,0,0,0,0,0,1,0,0,0,0,0,0,1,1,2
139,,6/10/2024 18:50,1,2,2024,6/10/2024,25,1,1,2,2,11,11,1,1,2,6,1,Economista,Técnica tributária ,5,4,1,3,3,1,3,5,4,1,1,1,1,5,1,4,2,4,4,4,3,4,1,2,1,1,3,1,1,1,1,1,1,2,2,1,1,0,0,0,0,0,1,0,0,0,0,0,3,2,4,4,4,1,1,,1,,60.000,3,,3,3,4,4,4,4,4,5,5,5,5,1,5,5,5,5,4,4,4,4,4,4,4,4,4,4,4,4,3,3,4,1,3,1,1,2,3,3,3,3,3,3,1,3,0,0,0,1,0,0,0,1,0,0,0,0,0,0,1,0,1,2
140,,6/10/2024 18:51,1,2,2016338,6/10/2024,26,1,1,2,2,11,11,1,1,2,6,1,Engenheiro agrónomo ,Confeiteira ,3,5,1,3,5,2,5,5,5,5,4,1,2,5,5,5,4,5,4,5,5,5,3,5,4,4,5,5,3,3,1,1,1,1,1,1,1,1,1,1,0,0,1,0,1,1,0,0,4,5,5,5,4,2,,3,1,,80000,1,,2,5,5,4,5,5,5,3,5,5,5,3,4,5,5,4,4,3,4,5,3,5,5,5,3,5,5,4,3,2,4,2,3,1,1,2,2,3,3,2,2,5,1,2,0,1,0,0,0,0,0,0,1,0,0,0,0,0,0,1,1,2
141,,6/10/2024 19:22,1,2,2016905,6/10/2024,26,2,1,2,2,11,10,1,2,2,6,1,engenheiro mecânico ,organizadora de eventos ,3,3,1,3,5,4,4,5,5,4,3,1,1,5,4,5,5,5,4,4,5,3,3,2,2,2,5,3,2,2,1,1,1,1,1,1,1,1,1,1,0,0,1,1,0,0,0,1,5,5,5,5,5,2,,3,5,,100.000,3,,3,4,4,3,3,4,4,4,5,5,5,5,5,5,5,4,4,3,5,5,4,5,4,4,4,4,4,4,2,3,3,2,3,1,2,3,4,3,4,3,4,4,1,3,1,0,0,0,0,0,0,0,1,0,0,0,0,0,0,1,1,2
142,,[not completed],1,2,2016398,6/10/2024,25,1,1,2,2,2,2,1,2,1,6,5,Empresário ,Decoradora ,3,3,2,,4,2,4,5,5,4,4,1,1,5,1,4,3,5,3,5,2,2,1,2,2,1,5,1,1,1,1,1,1,2,2,1,1,0,0,0,0,0,1,0,0,0,0,0,4,2,3,3,4,1,1,3,5,,40000,5,,3,4,3,4,4,3,1,3,4,5,3,4,1,1,5,5,4,2,5,5,2,5,4,3,2,3,3,3,3,3,5,3,2,2,2,3,3,,3,4,3,4,4,3,1,0,0,0,0,0,0,1,0,0,0,0,0,0,0,1,1,0
143,,[not completed],1,2,2015820,6/10/2024,26,1,1,1,1,6,6,1,5,2,6,1,Engenheiro,Contabilista,4,4,1,3,5,3,3,5,5,2,3,4,4,3,3,5,5,5,3,5,5,5,2,4,3,3,4,1,1,2,1,2,1,1,1,1,1,1,0,1,0,1,0,0,0,0,0,0,4,4,5,5,5,2,,3,5,,80.000,2,,3,4,4,4,4,4,4,5,5,5,5,1,5,5,5,,5,5,5,5,5,5,5,5,5,4,4,4,3,3,3,1,4,3,3,5,5,5,5,5,5,5,5,2,0,0,0,0,1,0,0,0,0,1,0,0,0,0,0,0,2,0
144,,[not completed],1,2,2015518,6/10/2024,27,1,1,2,2,11,11,2,1,1,6,1,Comerciante ,Comerciante,2,2,1,3,5,5,5,5,4,2,1,4,4,5,2,3,3,4,3,,4,5,3,3,2,2,4,2,2,3,1,1,1,1,1,1,1,0,0,0,0,0,1,0,0,0,0,0,4,3,4,4,4,1,1,3,2,,90.000,3,,2,4,4,4,4,4,4,4,3,5,5,5,3,2,5,5,5,4,5,5,5,5,5,5,4,4,3,4,2,2,2,2,2,2,2,5,5,5,5,5,,,3,5,0,0,0,0,1,0,0,1,0,0,0,0,0,0,1,0,1,0
145,,6/10/2024 20:39,1,2,2014120,6/10/2024,27,1,1,2,2,11,9,1,2,2,6,5,Falecido,Falecida,3,3,1,3,2,1,1,3,1,1,2,1,1,5,5,4,3,4,1,5,5,5,1,2,5,3,4,2,3,2,1,2,1,1,2,1,0,0,0,0,0,1,0,0,0,0,0,1,5,1,4,4,4,2,,3,4,,80000,5,,3,4,4,4,3,5,1,4,5,5,5,1,5,5,5,3,3,1,5,5,5,5,5,5,3,3,3,3,4,3,5,3,2,2,4,1,1,4,4,1,1,3,2,1,0,0,0,0,1,0,0,0,0,1,0,0,0,0,0,1,1,2
146,,6/10/2024 21:09,1,2,2016300,6/10/2024,25,1,1,2,2,11,10,1,2,2,6,1,Reformado,Técnica Bancária ,4,4,2,,5,3,4,5,5,3,4,1,1,5,5,5,5,5,3,3,4,5,2,3,2,2,5,2,2,2,1,1,1,2,2,1,1,0,0,0,0,0,0,1,0,0,0,0,3,4,4,6,4,2,,3,4,,50000,3,,3,4,4,4,4,4,3,5,5,4,3,1,5,3,5,4,3,3,5,5,4,5,5,5,6,4,4,1,3,3,2,1,2,1,3,2,2,2,2,2,2,2,2,2,0,1,0,0,0,0,0,1,0,0,0,0,0,0,1,0,1,2
147,,[not completed],1,2,2016842,6/10/2024,25,1,1,2,2,11,11,1,1,2,6,1,Jurista ,Doméstica ,1,4,2,,5,,5,5,5,3,3,2,2,5,3,5,5,5,4,4,3,3,2,2,4,3,3,2,2,2,1,2,2,2,2,2,1,1,1,0,0,0,1,0,0,0,0,0,5,3,4,4,3,1,2,2,1,,,7,Medicina de emergência ,1,2,2,4,4,3,1,3,5,5,3,1,5,5,5,3,,3,4,4,3,4,4,3,3,4,4,3,5,3,5,1,2,2,3,5,5,3,4,4,4,4,3,3,0,0,0,0,1,0,1,0,0,0,0,0,1,0,0,0,1,0
148,,6/10/2024 21:31,1,2,2016484,6/10/2024,27,1,1,2,2,11,11,1,1,2,6,1,Engenheiro mecânico ,Contabilista,3,4,1,3,3,1,5,5,5,1,3,1,1,3,1,4,3,5,3,2,4,5,3,5,2,2,4,3,2,3,1,2,2,2,2,2,1,0,0,0,0,0,1,1,1,0,0,0,3,2,4,3,2,1,2,3,2,,100000,3,,3,3,4,3,3,2,2,5,5,5,5,5,5,5,5,3,2,5,5,4,3,5,5,5,3,3,2,3,4,4,5,2,4,4,5,2,3,4,5,5,4,5,2,2,0,0,0,0,1,0,0,0,0,1,0,0,0,0,0,1,1,2
149,,[not completed],1,2,15,6/10/2024,26,1,3,1,1,6,6,1,5,2,6,5,engenheiro ,contabilista ,4,4,2,,3,3,3,3,3,1,5,4,4,5,5,5,5,5,5,5,5,5,2,4,2,4,5,1,1,1,1,1,1,1,1,1,1,0,1,1,0,1,0,0,0,1,0,1,5,5,5,5,5,2,,3,1,,80.000,2,,3,5,5,5,5,5,5,5,5,5,5,5,5,5,5,5,5,5,5,5,5,5,5,4,4,4,5,5,3,3,3,1,4,3,3,5,5,5,5,5,5,5,5,5,0,0,0,0,1,0,0,0,0,1,0,0,0,0,0,0,2,0
150,,6/10/2024 21:51,1,2,15,6/10/2024,26,1,3,1,1,6,6,1,5,2,6,5,engenheiro ,contabilista ,4,4,2,,5,5,5,5,5,1,5,1,1,5,5,5,5,5,5,5,5,5,1,5,2,2,5,1,1,1,1,1,1,1,1,1,1,0,1,1,0,0,1,0,0,1,0,0,5,5,5,5,5,2,,3,1,,80.000,2,,3,5,5,5,5,5,5,5,5,5,5,5,5,5,5,5,5,5,5,5,5,5,5,5,5,5,5,5,3,3,3,1,4,3,3,5,5,4,5,5,5,5,5,5,0,0,0,0,1,0,0,0,0,1,0,0,0,0,1,0,1,2
151,,6/10/2024 22:00,1,2,2014228,6/10/2024,26,1,1,2,2,11,11,1,1,2,6,1,Reformado,Doméstica,3,4,2,,5,2,5,5,4,3,3,1,1,5,5,4,3,5,3,5,5,5,1,3,5,1,3,2,1,2,1,2,1,1,2,1,1,1,0,1,0,0,1,0,0,0,0,0,4,2,4,4,4,2,,3,3,,70.000,4,,3,4,4,4,4,2,2,3,4,5,5,1,5,4,4,4,3,3,5,5,4,5,5,4,3,3,2,3,3,3,3,2,3,2,2,3,4,4,3,4,3,5,3,4,0,0,0,1,0,0,0,1,0,0,0,0,0,0,0,1,1,2
152,,6/10/2024 22:34,1,2,20170746,6/10/2024,24,1,1,2,2,11,11,1,1,2,6,5,Médico,Médica,4,4,1,1,5,1,5,5,3,1,4,1,1,5,5,5,2,5,5,2,5,5,2,5,2,5,5,1,1,1,1,1,2,2,2,1,1,1,0,1,0,0,1,1,0,0,0,0,3,2,5,3,4,1,1,3,5,,80000,7,Dermatologia,3,3,5,4,3,5,1,4,5,5,5,2,5,3,5,4,4,1,5,4,5,5,5,4,4,3,5,3,4,4,4,3,3,1,3,2,4,2,4,4,5,5,2,3,0,0,1,0,0,0,0,1,0,0,0,0,0,0,0,1,2,2
153,,6/10/2024 23:24,1,2,20170724,6/10/2024,24,1,1,2,2,11,10,2,1,2,6,1,Reformado,Bióloga,5,4,2,,5,1,1,5,2,1,2,1,1,5,1,4,2,5,3,2,3,2,4,2,4,1,5,4,3,1,1,1,2,2,2,1,1,1,0,0,0,0,1,0,0,0,0,0,5,4,4,3,3,1,1,1,3,,60000,1,,3,4,5,5,4,3,2,3,5,5,5,1,3,5,5,3,4,2,5,5,5,5,5,4,3,3,4,1,2,1,1,1,4,2,3,1,3,3,3,3,3,4,2,2,0,0,1,0,0,0,0,1,0,0,0,0,0,0,0,1,1,2
154,,6/11/2024 1:15,1,2,20170678,6/10/2024,25,1,1,2,2,11,11,1,1,2,6,1,especialista de manutenção ,doméstica ,4,4,1,3,5,1,3,4,4,2,4,1,1,5,1,5,3,5,3,5,3,3,2,2,2,2,5,3,2,2,4,2,2,2,1,1,1,1,0,1,0,0,1,1,0,0,0,0,4,3,5,4,4,1,1,3,5,,50000,2,,3,4,4,4,4,4,3,5,5,5,5,5,5,5,5,3,4,3,5,5,2,5,5,3,3,3,3,3,4,2,4,5,3,2,2,5,5,5,5,5,4,5,1,2,1,0,0,0,0,0,0,1,0,0,0,0,0,0,0,1,1,2
155,,6/11/2024 6:20,1,2,2013655,6/11/2024,27,1,1,2,2,11,11,3,1,2,6,5,Médico ,Engenheira agronoma,5,6,1,1,1,1,5,1,5,3,1,1,1,5,3,5,4,5,5,4,4,5,1,2,2,1,5,1,1,1,1,1,1,2,1,2,1,0,0,0,0,0,1,0,0,0,0,0,4,3,3,4,4,2,,4,3,,95.000,3,,3,4,2,2,2,2,2,4,4,5,4,1,3,5,5,5,3,1,5,5,3,5,5,5,4,3,3,3,4,1,1,1,1,1,1,2,2,3,4,3,1,4,1,2,0,0,0,1,0,0,0,0,0,1,0,0,0,0,0,1,1,2
156,,6/11/2024 6:29,1,2,2015192,6/11/2024,28,1,1,2,2,11,11,2,1,2,6,5,Engenheiro civil ,Administração pública ,4,4,2,,3,4,1,5,5,2,2,2,2,5,5,5,4,4,4,4,4,2,2,2,2,1,5,4,2,2,1,1,1,1,1,1,1,1,0,0,0,1,1,1,0,0,0,0,4,4,4,4,4,2,,2,3,,85000,7,,3,4,4,4,4,4,4,3,2,2,2,1,1,2,5,2,3,4,4,4,3,4,5,3,2,3,3,4,1,1,1,1,2,1,1,1,1,3,2,2,1,2,1,2,0,0,0,0,1,0,0,0,0,1,0,0,0,0,0,1,1,2
157,,6/11/2024 13:27,1,2,20170792,6/11/2024,23,1,1,2,2,10,11,2,1,2,6,1,Administrador público ,Economista,4,4,2,,5,1,5,5,5,1,3,1,1,5,5,5,4,5,3,1,2,4,2,3,3,4,4,4,3,4,1,2,1,2,2,1,1,0,0,0,0,0,1,0,0,0,0,0,4,2,4,3,4,1,1,4,5,,85.000,1,,3,2,1,1,3,2,1,2,5,5,5,4,5,5,5,3,3,3,5,5,4,5,5,4,3,2,3,2,5,5,4,3,2,3,5,4,5,4,5,5,5,5,2,2,0,0,0,0,1,0,0,1,0,0,0,0,0,1,0,1,1,2
158,,6/11/2024 13:44,1,2,2016219,6/11/2024,27,2,1,2,2,11,11,2,1,2,6,1,Director de Logística,Farmacêutica,5,3,1,2,5,5,5,5,5,2,2,2,2,5,4,3,2,3,3,4,4,4,2,4,2,2,5,5,4,5,1,1,1,2,2,1,1,0,0,0,0,0,1,0,0,0,0,0,2,2,5,4,3,2,,3,5,,75000,3,,3,3,3,3,3,3,2,5,5,5,5,5,5,5,5,5,5,5,5,5,5,5,5,5,5,4,4,4,3,3,4,2,3,3,3,2,2,4,4,4,2,4,2,3,0,0,1,0,0,0,0,0,1,0,0,0,0,0,0,1,1,2
159,,[not completed],1,2,2016451,6/11/2024,25,1,1,2,2,10,10,2,1,2,6,1,contabilista ,confeitaria ,4,4,2,,4,1,4,5,5,1,3,1,1,5,,4,3,5,3,5,4,4,3,4,2,3,3,2,3,3,1,1,1,2,2,1,1,1,1,1,0,0,1,0,0,0,0,0,5,5,5,5,5,2,,1,4,,50000,7,Emergências Médicas ,3,4,4,4,4,4,3,3,5,5,5,1,4,5,5,4,3,,5,4,4,4,4,4,3,3,4,3,4,3,5,3,2,2,3,3,4,4,4,4,3,4,4,2,0,0,0,1,0,0,0,0,1,0,0,0,0,0,0,1,1,0
160,,6/11/2024 14:25,1,2,2016387,6/11/2024,26,1,1,2,2,11,11,2,1,2,6,5,contabilista ,farmacêutica ,4,5,1,2,3,1,2,5,3,1,3,2,1,5,5,5,3,5,3,2,3,4,3,3,3,5,5,3,4,4,2,1,1,1,2,1,1,0,0,1,0,0,1,0,0,0,0,0,4,4,3,4,4,1,2,3,4,,70000,1,,3,4,4,4,4,5,4,3,3,4,4,3,1,3,5,3,3,3,4,5,5,5,5,4,2,3,4,2,3,1,4,3,3,1,3,5,5,4,3,5,3,5,2,2,0,0,0,1,0,1,0,0,0,0,0,0,0,0,0,1,1,2
161,,6/11/2024 15:01,1,2,2015649,6/11/2024,28,1,1,2,1,11,5,1,5,2,6,1,Meteorologista ,Panificadora e Gestora,4,4,2,3,2,3,4,1,1,5,1,5,2,5,1,5,5,5,5,5,5,1,5,1,5,1,5,5,1,1,5,2,2,2,2,1,1,0,0,0,0,0,1,0,0,0,0,0,5,5,5,5,5,2,,3,3,,95000,2,,3,5,5,5,5,5,5,5,5,5,5,1,5,5,5,4,5,5,5,5,3,5,5,5,5,3,5,2,3,3,5,1,3,1,1,2,2,5,3,2,2,3,3,2,0,0,0,0,1,0,1,0,0,0,0,0,0,0,0,1,1,2
162,,6/11/2024 15:23,1,2,20170776,6/11/2024,25,1,1,2,2,11,11,3,1,2,6,5,Docente ,Filósofa ,4,4,2,,5,2,5,5,1,4,4,4,4,5,5,1,1,1,1,1,1,1,1,1,1,1,1,4,1,1,4,2,1,1,1,1,1,0,0,0,0,0,0,0,0,0,0,1,4,6,4,2,4,2,,1,6,Médica sem fronteira ,80000,7,Humanitária ,3,3,3,3,3,3,3,1,1,1,1,1,1,1,5,3,3,5,5,5,5,5,5,5,5,2,5,1,4,2,4,3,1,1,3,2,3,1,1,3,1,3,2,1,0,0,0,1,0,0,0,0,0,1,0,0,0,0,0,1,1,2
163,,[not completed],1,2,2015727,6/11/2024,28,1,1,2,1,2,2,1,1,1,6,1,administrador ,domestica,2,3,2,,4,3,5,5,5,2,,2,,4,,5,5,5,5,3,5,2,1,1,2,3,4,2,2,1,1,1,1,1,1,1,1,0,0,0,0,0,1,0,0,0,0,0,5,5,4,4,5,1,1,3,4,,80000,4,,3,5,5,5,5,5,5,5,5,5,5,1,5,5,5,4,5,4,5,5,5,5,5,5,5,5,5,5,3,1,3,1,4,1,1,2,2,3,3,3,3,3,2,2,0,1,0,0,0,0,0,1,0,0,0,0,0,0,1,0,1,0
164,,[not completed],1,2,2013461,6/11/2024,29,1,1,2,2,11,10,1,1,2,6,1,Escriturário ,Doméstica ,3,3,2,,5,3,5,5,5,3,3,1,3,3,1,5,4,5,4,5,4,3,2,2,1,3,5,1,1,1,1,1,1,1,1,1,1,0,1,0,0,0,1,0,0,0,0,0,4,4,3,4,4,2,,,3,,60000,2,,3,4,3,2,4,3,3,3,5,5,4,3,5,5,4,4,2,,5,5,4,5,5,4,4,3,4,3,3,3,4,1,3,3,4,1,3,4,4,4,1,5,1,2,0,0,0,1,0,0,1,0,0,0,0,0,0,0,0,1,1,0
165,,6/11/2024 23:31,1,5,0,6/11/2024,32,2,1,1,1,6,6,1,3,1,3,2,camponeses ,camponeses ,1,3,1,3,3,2,4,3,3,3,1,1,1,5,1,4,4,5,5,5,5,5,1,1,1,1,5,5,1,1,1,1,2,2,2,2,0,0,0,1,0,0,1,0,0,0,0,0,1,2,3,3,1,2,,,4,,150000,1,,1,1,1,1,1,1,1,3,4,4,1,1,1,1,4,1,2,2,3,5,5,5,5,5,5,3,5,1,5,5,3,3,1,5,5,3,3,3,4,3,3,3,3,3,0,0,0,1,0,0,1,0,0,0,0,0,1,0,0,0,2,2
166,,6/12/2024 7:22,1,5,20231864,6/12/2024,30,2,2,1,1,10,10,2,5,1,4,2,Pedreiro,Doméstica ,2,2,2,,5,3,5,5,5,5,3,3,2,5,3,5,4,5,5,5,5,5,1,2,2,1,5,1,1,2,1,1,2,2,2,1,0,0,1,1,0,1,0,0,0,1,0,1,5,5,4,4,5,2,,3,1,,150000,7,Urologia,3,4,6,4,3,4,3,4,1,5,5,1,1,2,5,2,4,3,5,5,5,5,5,5,5,3,2,3,4,2,3,1,2,3,1,3,3,5,2,5,3,4,1,2,0,0,0,1,0,0,0,1,0,0,0,0,0,0,1,0,2,2
167,,7/12/2024 11:07,1,5,1.83022E+11,7/12/2024,24,2,1,2,1,11,11,1,5,2,6,2,falecido,comerciante,3,1,2,,2,2,2,2,2,2,5,2,2,5,5,5,5,5,5,5,4,4,1,1,1,1,5,1,1,1,1,2,2,2,2,2,0,1,0,1,0,0,0,0,0,0,0,1,2,4,3,2,1,2,,3,5,,90000,3,,3,6,6,6,6,6,6,5,2,2,3,1,1,1,3,2,3,5,5,5,1,1,5,5,5,3,3,2,4,3,3,4,3,4,4,2,3,3,4,4,2,4,1,3,0,0,0,0,1,0,0,1,0,0,0,0,0,0,0,1,1,2
168,,7/12/2024 11:51,1,5,20240390,7/12/2024,34,2,3,1,1,6,3,1,2,1,1,1,camponês ,camponesa,2,3,1,3,5,3,1,5,1,1,1,3,1,1,2,5,2,5,5,5,5,5,1,4,5,3,4,4,1,3,1,2,2,2,2,2,1,1,0,1,0,0,1,1,0,1,0,0,4,4,4,4,4,1,1,1,5,,80.000,7,,3,1,5,5,5,5,4,5,5,3,3,5,3,3,5,5,5,3,3,3,3,4,4,4,4,5,5,1,1,1,3,3,3,1,1,1,2,4,2,5,1,2,2,2,1,0,0,0,0,0,1,0,0,0,0,0,0,0,0,1,1,2
169,,[not completed],1,5,20194845,7/12/2024,26,2,1,2,2,1,6,1,3,2,6,1,Falecido ,Doméstica,1,1,2,,3,1,3,3,3,2,,1,3,1,2,5,4,4,3,5,4,3,5,3,1,3,5,1,1,2,1,1,1,2,2,2,1,0,1,0,0,1,1,0,1,0,0,0,5,5,3,5,5,1,6,1,5,,85000,2,,3,4,4,4,4,4,3,1,1,1,1,1,1,1,1,1,1,1,4,4,4,4,4,4,4,3,3,3,1,1,3,1,1,1,1,2,2,2,2,1,1,4,1,2,0,0,0,1,1,0,0,1,0,0,0,0,0,0,0,1,2,0
170,,[not completed],1,5,1.53022E+11,8/21/2024,27,1,1,1,1,3,1,1,5,2,,5,contabilista ,enfermeira ,3,3,1,2,5,3,1,,,2,,,,5,,4,,5,,5,5,,,,,,5,,,,,1,1,1,1,1,1,0,0,0,0,0,1,0,0,0,0,0,5,,5,,,2,,3,3,,90000,2,,1,,6,,5,5,,,,5,,,,,,,,,6,,,6,,,,,5,,,,,,,,,,,4,5,,,,,,0,0,1,0,0,0,0,0,0,1,0,0,0,0,0,0,2,0
171,,[not completed],1,5,20221388,8/21/2024,20,1,1,2,2,8,8,1,3,1,3,1,Bancário ,Professora ,4,3,2,,3,1,5,3,3,3,1,1,1,1,1,5,2,5,,5,2,2,4,1,1,3,1,2,3,2,1,2,2,2,1,2,0,0,0,0,1,0,0,0,0,0,1,0,6,6,6,6,6,1,1,1,3,,80000,7,Cardiologia ,3,6,6,6,6,6,6,4,5,4,5,1,2,4,4,5,5,5,4,5,4,4,3,4,4,4,4,3,3,2,4,1,3,2,4,3,5,4,4,3,4,5,1,2,0,1,0,0,0,0,0,0,1,0,0,0,0,0,1,0,1,0
172,,8/22/2024 8:16,1,5,20230967,8/22/2024,20,1,1,2,2,6,3,1,5,2,2,1,trabalha,trabalha ,4,4,1,3,2,2,5,5,4,2,2,2,2,5,2,4,3,5,4,3,4,5,4,4,5,3,5,4,2,3,3,2,1,2,2,2,1,1,0,1,0,0,1,0,0,0,0,0,4,3,3,4,4,2,,1,1,,100000,2,,3,3,3,3,4,4,4,2,1,1,1,1,3,1,4,3,2,1,4,4,2,2,4,3,2,2,3,1,1,1,3,3,1,1,3,2,4,5,4,5,3,4,2,1,0,1,0,1,0,0,0,0,1,0,0,0,0,0,0,1,2,2
173,,8/22/2024 8:42,1,5,123,8/22/2024,22,2,1,2,1,5,4,1,5,2,3,1,Professor,Doméstica ,3,4,1,3,1,1,3,1,3,2,1,1,1,3,1,5,4,5,4,3,4,5,4,5,3,2,3,4,5,3,1,1,1,2,2,1,1,1,1,1,0,0,1,1,1,1,0,0,5,4,4,4,4,2,,3,3,,125.000,5,,3,4,4,4,4,4,4,5,2,5,5,3,4,2,5,5,4,4,5,5,5,5,5,5,5,4,4,3,3,2,3,1,3,1,1,4,4,3,3,5,4,4,4,2,0,0,0,1,0,0,0,1,0,0,0,0,0,0,1,0,1,2
174,,[not completed],,,,,,,,,,,,,,,,,,,,,,,,,,,,,,,,,,,,,,,,,,,,,,,,,,,,,,,0,0,0,0,0,0,0,0,0,0,0,0,,,,,,,,,,,,,,,,,,,,,,,,,,,,,,,,,,,,,,,,,,,,,,,,,,,,,,,,,,0,0,0,0,0,0,0,0,0,0,0,0,0,0,0,0,,0
175,,[not completed],1,5,20241911,8/22/2024,18,1,,2,2,,7,3,1,,1,1,Técnico Informático,Docente ,4,4,1,3,5,,5,,5,,,,,5,,,,5,5,,4,,,,4,,5,5,,,,1,1,2,2,1,1,0,0,0,0,0,0,0,0,0,0,1,5,5,5,5,5,1,4,2,1,,35.000,3,,3,3,3,6,6,3,3,5,1,,5,5,1,1,5,5,5,2,5,2,,,,,,,,,,,,,,,,,,,,,,5,,3,1,0,0,0,0,0,0,1,0,0,0,0,0,0,1,0,2,0
176,,[not completed],1,5,20230968,8/22/2024,34,1,3,1,1,7,7,1,2,1,2,2,Enfermeiro ,Sou órfã de mãe ,1,2,1,1,4,2,4,5,4,2,2,2,2,5,2,4,4,4,4,2,,3,1,1,1,1,4,1,1,1,1,1,2,2,2,2,0,0,0,0,1,0,0,0,0,0,1,0,6,6,6,6,6,1,5,1,4,,90.000,5,,1,6,6,6,6,6,6,2,5,5,5,1,2,1,5,3,4,,4,4,4,4,4,4,4,4,4,4,3,1,2,3,3,1,1,1,2,4,3,3,2,3,3,1,0,0,0,1,0,1,0,0,0,0,0,0,0,0,0,1,1,0
177,,[not completed],1,5,20204845,8/22/2024,25,2,1,2,2,1,6,1,5,2,6,2,Pai Falecido,Doméstica,1,1,1,3,3,3,3,3,3,1,4,3,3,1,1,5,5,5,3,5,5,3,2,1,1,2,5,5,,2,1,2,2,2,2,2,1,1,0,1,0,0,1,1,1,1,0,0,4,3,4,2,5,1,6,1,5,,92000,2,,3,4,4,4,4,4,4,1,1,1,2,1,3,1,3,1,3,3,4,4,4,4,4,4,4,3,3,3,3,3,3,3,3,3,3,4,4,4,4,4,4,4,4,4,0,0,0,0,1,0,0,1,0,0,0,0,0,0,0,1,1,0
178,,[not completed],1,5,,8/22/2024,26,2,1,2,2,5,5,1,5,2,5,1,Reformado ,Doméstica ,3,3,1,3,5,2,2,,2,1,,,,5,,5,4,5,5,4,5,5,1,1,1,5,5,1,1,1,1,1,2,2,2,2,0,0,0,1,0,1,1,0,0,0,0,0,3,1,1,1,1,1,2,3,1,,100000,3,,3,3,3,3,3,3,3,2,1,1,1,1,1,1,3,2,3,,3,3,3,3,3,3,3,3,5,3,3,3,3,2,3,1,3,1,1,5,1,1,1,2,2,1,0,0,0,0,1,0,0,0,0,1,0,0,0,0,0,1,1,0
179,,[not completed],1,7,,,33,1,1,1,1,6,6,1,2,1,2,4,Professor universitário ,Professora,4,5,1,3,5,1,3,5,3,2,2,2,1,5,1,5,5,5,5,4,4,3,1,3,1,3,4,1,2,3,1,1,1,1,2,1,1,1,1,1,0,0,1,0,0,1,0,0,4,4,4,4,4,2,,3,3,,100000,7,Gastroenterologia,1,4,4,4,4,4,4,3,5,5,1,1,4,5,5,3,2,3,5,5,5,5,5,5,6,5,4,3,2,3,3,3,3,1,2,1,2,5,3,1,3,1,1,3,0,0,0,1,0,1,0,0,0,0,0,0,0,0,1,0,1,0
180,,8/23/2024 4:11,1,7,508.602.023,8/23/2024,19,2,1,2,2,10,10,2,3,2,2,2,docente,contabilista ,4,6,1,3,5,1,3,1,1,1,3,1,1,4,3,3,2,4,3,5,5,5,3,1,5,5,5,2,3,3,1,1,1,2,2,2,0,0,0,1,0,0,0,0,0,1,0,0,4,4,3,4,5,2,,3,3,,100.000,3,,3,3,5,3,4,4,2,4,3,1,1,1,1,1,4,1,4,3,5,5,5,5,5,5,4,4,4,3,1,2,2,2,4,1,4,3,2,4,2,2,3,4,2,2,0,0,0,1,0,0,0,0,1,0,0,0,0,0,0,1,1,2
181,,[not completed],1,7,,8/23/2024,30,2,1,1,1,6,6,1,2,1,2,5,camponeses ,camponesa ,3,3,1,3,1,1,1,1,1,4,4,4,5,1,2,5,5,5,5,5,4,5,1,5,2,1,5,2,1,2,1,2,2,2,2,1,1,1,1,0,0,0,1,0,1,0,0,0,1,1,2,2,1,1,1,3,1,,100000,4,,1,6,6,5,5,6,1,2,2,1,1,1,1,2,1,1,1,1,5,5,5,5,5,5,5,1,2,2,4,3,3,4,1,1,1,2,3,4,4,4,2,1,1,1,0,0,0,0,1,0,0,0,0,1,0,0,0,0,0,1,1,0
182,,[not completed],1,7,17682023,8/23/2024,19,2,1,2,1,6,6,1,1,2,2,1,professor,professora,3,4,2,,3,1,4,5,2,1,3,1,1,5,5,4,1,5,4,5,5,4,2,3,3,3,4,2,2,3,1,1,1,1,1,1,1,0,0,1,0,0,1,0,0,0,0,0,3,2,4,5,4,1,1,,1,,78,3,,3,5,5,5,4,5,2,3,1,5,5,1,1,1,5,3,2,,6,5,3,4,5,5,5,3,3,3,3,3,4,4,3,3,3,2,2,3,3,3,3,3,3,3,0,0,0,0,1,0,0,0,1,0,0,0,0,0,0,1,1,0
183,,8/24/2024 6:12,1,,,,,,,,,,,,,,,,,,,,,,,,,,,,,,,,,,,,,,,,,,,,,,,,,,,,,,0,0,0,0,0,0,0,0,0,0,0,0,,,,,,,,1,,,80000,,,,,,,,,,,,,,,,,,,,,,,,,,,,,,,,,,,,,,,,,,,,,,,0,0,0,0,0,0,0,0,0,0,0,0,0,0,0,0,,2
184,,8/24/2024 6:27,1,7,512.352.023,8/24/2024,18,4,1,2,2,4,4,2,3,2,2,5,Polícia ,Professora ,4,3,2,,2,3,4,5,2,5,4,2,2,5,2,4,2,5,5,1,5,5,4,1,3,5,5,1,3,1,1,1,1,2,2,1,0,0,1,1,0,0,1,0,1,0,0,0,5,3,3,4,5,1,5,1,5,,80000,3,,3,3,4,5,4,3,5,2,2,2,2,5,5,5,5,3,4,2,5,4,6,6,4,6,3,3,5,3,3,1,5,1,1,1,1,1,5,5,4,4,5,5,5,5,0,0,0,0,1,0,0,0,0,1,0,0,0,0,0,1,1,2
185,,8/24/2024 6:28,1,,,,,,,,,,,,,,,,,,,,,,,,,,,,,,,,,,,,,,,,,,,,,,,,,,,,,,0,0,0,0,0,0,0,0,0,0,0,0,,,,,,,,1,,,80000,,,,,,,,,,,,,,,,,,,,,,,,,,,,,,,,,,,,,,,,,,,,,,,0,0,0,0,0,0,0,0,0,0,0,0,0,0,0,0,,2
186,,[not completed],,,,,,,,,,,,,,,,,,,,,,,,,,,,,,,,,,,,,,,,,,,,,,,,,,,,,,,0,0,0,0,0,0,0,0,0,0,0,0,,,,,,,,,,,,,,,,,,,,,,,,,,,,,,,,,,,,,,,,,,,,,,,,,,,,,,,,,,0,0,0,0,0,0,0,0,0,0,0,0,0,0,0,0,,0
187,,8/24/2024 8:05,1,7,508.722.023,8/24/2024,28,2,3,1,1,5,8,1,5,1,2,5,campones,camponesa,3,2,1,3,5,3,4,5,4,2,3,1,1,3,1,5,5,5,5,4,4,4,2,1,2,1,5,1,1,1,1,1,1,1,1,1,1,1,0,1,0,1,1,0,0,0,0,0,5,5,5,3,4,2,,3,6,hospitais publicos e privados,150000,7,cardiologia,3,4,4,4,4,4,4,4,3,3,1,1,3,1,4,3,2,1,4,4,4,4,3,3,3,2,4,1,3,3,3,1,1,1,3,1,3,4,4,1,1,1,3,1,0,0,0,0,1,0,0,1,0,0,0,0,0,0,0,1,1,2
188,,8/24/2024 21:17,1,7,512.262.023,8/24/2024,18,2,1,2,1,6,6,1,1,2,2,1,professor ,Professora ,4,4,1,3,2,2,4,5,1,4,4,4,2,4,2,5,4,5,2,2,3,5,1,2,1,1,4,3,1,1,1,1,1,2,2,1,0,0,1,0,0,0,0,0,1,0,0,0,4,4,4,1,4,2,,3,1,,50000,5,,3,3,3,3,3,3,3,2,1,1,1,1,1,1,5,5,4,4,5,5,4,6,6,5,5,3,5,3,2,2,1,4,3,1,2,1,1,1,3,3,1,4,1,1,1,0,0,0,0,0,0,0,0,1,0,0,0,0,0,1,1,2
189,,8/24/2024 21:17,1,,,,,,,,,,,,,,,,,,,,,3,,,,,,,,,,,,,,,,,,,,,,,,,,,,,,,,,0,0,0,0,0,0,0,0,0,0,0,0,,,,,,,,3,,,50000,,,,,,,,,,,,,,,,,,,,,,,,,,,,,,,,,,,,,,,,,,,,,,,0,0,0,0,0,0,0,0,0,0,0,0,0,0,0,0,,2
190,,8/25/2024 11:08,1,7,508.592.023,8/25/2024,21,1,1,2,2,2,3,1,5,2,2,1,Analista ,Camareira ,3,4,2,,5,3,1,5,1,5,1,1,1,4,1,5,3,5,3,1,3,4,1,1,1,1,4,4,1,1,1,1,1,2,2,2,1,0,0,1,0,0,1,1,0,0,0,1,5,5,4,3,4,1,1,1,3,,200.000,6,,3,3,2,4,3,2,3,4,5,5,4,1,2,2,5,3,3,5,4,5,4,2,4,5,2,4,4,3,4,4,1,3,4,1,3,2,2,4,1,1,3,1,1,1,1,0,0,0,0,0,0,0,0,1,0,0,0,0,0,1,1,2
191,,8/25/2024 14:09,1,7,51.239.23,8/25/2024,35,2,1,1,1,4,4,1,2,1,2,1, -----,doméstica,1,1,1,3,1,5,1,1,1,2,1,4,2,1,1,4,3,5,5,5,4,5,1,1,1,1,5,4,1,1,1,1,1,1,2,1,1,1,1,1,0,0,1,0,0,0,0,0,4,2,4,4,4,2,,3,1,,65000,1,,1,3,4,4,4,4,4,5,3,3,3,1,1,1,3,3,4,4,6,5,4,4,4,5,4,5,3,1,3,2,3,1,1,1,2,1,2,3,2,5,5,3,2,5,0,0,0,0,1,0,0,0,0,1,0,0,0,0,0,1,1,2
192,,[not completed],1,,,,,,,,,4,,,3,,,5,,,1,,2,,,,,,1,,,,,,,,,1,,,,,,,,,,,,,,1,,,,,1,1,0,0,0,0,0,0,0,0,0,0,1,,,,,,,,1,,,,,,1,,,,,,1,,,,,,,,,,,,1,,,,,,,,,,,,,,,,,,,,,,,,,0,0,0,0,0,0,0,0,0,0,0,0,0,0,0,0,,0
193,,[not completed],1,4,1,9/3/2024,21,2,1,2,2,8,8,1,5,2,3,1,Engenheiro Agropecuário ,Professora ,4,4,1,3,5,4,5,4,4,5,4,5,4,4,4,5,5,5,4,3,5,5,4,4,4,4,4,5,4,,4,1,1,1,1,1,1,0,0,0,0,1,1,0,1,0,0,1,6,6,6,6,6,1,1,4,3,,2500000,7,Urologia ,2,1,4,4,4,5,4,5,4,5,4,1,5,1,5,4,4,,4,5,1,3,1,1,1,1,4,4,5,5,5,1,1,1,4,5,4,3,3,1,4,5,3,3,0,0,0,0,1,1,0,0,0,0,1,0,1,0,0,1,1,0
194,,9/3/2024 9:29,2,,,,,,,,,,,,,,,,,,,,,,,,,,,,,,,,,,,,,,,,,,,,,,,,,,,,,,0,0,0,0,0,0,0,0,0,0,0,0,,,,,,,,,,,,,,,,,,,,,,,,,,,,,,,,,,,,,,,,,,,,,,,,,,,,,,,,,,0,0,0,0,0,0,0,0,0,0,0,0,0,0,0,0,,2
195,,9/3/2024 9:35,1,4,1,9/3/2024,21,2,1,2,2,6,6,1,3,2,3,1,Polícia ,Professora,4,4,1,3,2,3,5,4,3,4,3,3,2,5,2,4,3,4,3,2,5,4,3,3,2,3,3,3,3,3,3,1,1,1,1,1,1,0,1,1,0,0,1,0,1,0,0,0,4,4,4,4,4,2,,3,3,,64000,3,,3,4,4,4,3,4,4,5,5,5,5,1,5,5,5,4,4,5,5,5,4,5,5,5,4,4,4,3,2,2,2,2,3,1,2,3,3,3,2,3,3,4,2,2,1,0,0,0,0,0,0,0,1,0,0,0,0,0,1,0,1,2
196,,[not completed],1,4,1,9/3/2024,21,1,1,2,2,5,5,1,1,2,3,1,Marketing ,Gestora de recursos humanos,4,4,1,3,5,2,5,5,1,1,1,1,1,5,5,5,5,5,5,5,5,5,5,3,3,5,5,5,3,3,1,1,1,2,2,1,0,0,0,1,0,1,0,0,0,0,0,1,3,1,3,3,3,1,1,3,3,,95000,5,,3,3,2,2,3,3,3,3,5,5,5,5,5,5,5,5,3,,3,3,5,5,3,3,3,3,3,3,2,2,1,3,3,4,3,4,5,5,5,5,5,5,3,5,1,0,0,0,0,0,0,0,0,1,0,0,0,0,0,1,1,0
197,,[not completed],1,4,1,9/3/2024,20,1,1,2,1,8,8,1,5,2,3,5,motorista,professora ,4,4,1,,5,5,5,5,5,4,3,1,1,5,2,5,4,5,5,5,5,5,5,5,4,4,5,5,3,3,5,1,2,1,1,2,1,1,1,1,0,0,1,1,1,0,0,0,4,4,4,4,4,1,,3,1,,3000000,1,,3,4,4,4,4,4,4,3,1,1,1,1,1,1,4,3,3,,4,4,3,3,4,4,4,2,3,1,5,5,5,3,1,3,5,4,4,4,4,4,4,4,4,4,0,0,0,0,1,0,0,0,0,1,0,0,0,0,1,0,1,0
198,,[not completed],1,4,1,9/3/2024,21,2,1,2,2,1,3,1,5,2,3,1,advogado ,professora ,5,6,1,3,3,1,2,1,2,1,1,1,1,1,1,3,2,3,1,1,1,1,5,2,1,1,4,3,5,2,2,2,2,1,2,1,1,0,0,1,0,0,1,0,0,0,0,0,4,1,3,3,5,1,1,3,1,,50.000,7,dermatologia,1,2,2,3,2,3,4,5,5,4,4,1,5,5,5,5,5,,5,5,5,5,5,5,5,2,2,2,5,4,5,4,3,4,5,1,4,3,2,2,3,2,1,2,0,0,1,0,0,0,0,0,1,0,0,0,0,0,0,1,1,0
199,,9/3/2024 9:36,1,4,1,9/3/2024,21,1,1,2,1,4,4,1,5,2,3,1, enginheiro,domestica,2,4,2,,5,1,1,5,1,2,3,3,3,3,3,5,4,5,5,5,3,4,1,3,5,4,4,3,4,4,5,2,2,1,1,2,1,0,0,1,0,0,1,0,0,1,0,0,4,3,3,3,3,1,6,1,1,,100000,3,,1,2,3,4,3,3,3,3,1,5,3,1,1,1,5,3,3,1,3,3,1,1,1,1,1,3,2,4,2,2,2,1,1,3,1,5,5,4,4,4,4,4,4,4,0,0,0,1,0,0,0,0,1,0,0,0,0,0,1,1,1,2
200,,[not completed],1,4,,9/3/2024,22,2,1,2,2,7,7,3,2,2,3,5,Vice Administrador do palácio da justiça da cidade de Tete,Doméstica ,3,4,1,3,1,2,5,,,,,,,,,5,,,,,,,,,,,,,,,,1,1,1,2,1,1,0,0,0,0,0,1,0,0,0,0,0,5,2,5,5,2,1,6,3,1,,60.000,6,,3,3,3,3,3,3,3,1,5,5,5,1,5,1,5,1,1,,5,5,5,5,5,5,5,2,4,3,5,5,5,3,3,1,5,1,1,3,,3,1,2,1,1,0,1,0,0,0,0,1,0,0,0,0,0,0,0,0,1,1,0
201,,9/3/2024 9:38,1,4,1,9/3/2024,23,1,1,2,2,5,5,1,1,2,3,1,secretário executivo ,não trabalha ,2,4,1,3,5,2,3,5,1,1,1,1,1,5,5,4,3,4,2,4,3,4,1,2,1,2,4,4,3,3,1,1,1,1,1,1,1,0,1,0,0,0,1,0,0,0,0,0,4,1,3,3,3,1,6,1,1,,60000,3,,3,1,1,3,3,3,4,5,5,3,3,2,5,2,5,5,5,1,5,5,5,5,5,5,5,3,3,3,4,2,4,3,3,3,3,2,3,3,3,4,3,2,1,3,0,0,1,0,0,0,0,0,0,1,0,0,0,0,0,1,2,2
202,,9/3/2024 9:37,1,4,1,9/3/2024,22,1,1,2,2,11,6,1,3,2,3,1,psicólogo,psicóloga,5,5,1,2,1,3,5,3,5,1,3,1,1,5,1,4,3,5,3,3,2,1,2,2,2,1,3,4,1,1,1,1,2,1,1,2,0,1,0,0,0,0,0,1,0,0,0,0,1,5,5,3,4,1,1,3,3,,85000,2,,3,3,2,3,3,3,1,5,5,5,5,1,1,1,5,5,5,1,4,3,4,4,4,4,4,3,5,2,2,2,2,2,2,2,2,1,1,5,5,3,2,4,2,2,0,1,0,0,0,0,0,0,0,1,0,0,0,0,0,1,1,2
203,,9/3/2024 9:40,1,4,1,9/3/2024,21,1,1,2,2,7,9,1,5,1,3,1,Operador de quadros III,Psicóloga Clínica ,4,4,1,2,1,2,4,4,4,4,4,4,4,5,5,4,2,5,3,5,3,2,4,5,4,1,5,5,5,4,2,1,1,2,2,2,0,0,1,1,1,0,0,0,0,0,1,0,3,2,1,1,3,1,6,3,5,,120.000,7,Oncologia ,3,1,1,1,1,1,1,5,5,5,5,1,2,2,5,4,4,1,3,3,3,5,1,1,1,1,2,1,5,4,3,1,1,5,5,1,4,3,3,5,5,5,2,4,0,0,1,0,0,0,0,0,1,0,0,0,0,0,0,1,1,2
204,,[not completed],1,4,1,9/3/2024,21,1,1,2,2,5,5,1,,2,3,1,professor ,professora ,4,5,1,3,5,1,3,5,4,2,4,1,1,5,5,4,3,5,3,5,4,4,4,2,2,1,4,2,2,1,1,1,1,1,2,1,1,0,0,0,0,0,1,0,0,0,0,0,4,4,3,3,4,1,1,3,1,,80000,7,cardiologia ,3,4,4,4,4,4,4,5,5,5,4,3,5,2,5,4,4,,4,4,4,4,4,4,4,4,4,4,2,2,4,2,3,1,2,2,2,5,5,4,3,3,2,1,0,1,0,0,0,0,0,0,1,0,0,0,0,0,0,1,1,0
205,,9/3/2024 9:39,1,4,0,9/3/2024,21,1,1,2,2,9,9,1,5,2,3,1,Eletrecista,Professora ,4,3,1,3,4,1,3,4,3,4,2,1,1,4,1,4,4,4,3,4,3,3,2,2,2,3,3,1,2,3,1,1,1,1,1,1,0,1,1,1,0,0,1,1,0,0,0,0,5,4,4,4,4,2,,3,2,,70000,1,,2,4,4,4,4,4,4,5,5,5,4,3,1,5,5,5,5,5,5,4,3,4,4,4,3,4,4,4,3,3,3,3,3,2,2,2,1,4,2,2,2,3,2,2,1,0,0,0,0,0,0,0,1,0,0,0,0,0,0,1,1,2
206,,9/3/2024 9:39,1,4,1,9/3/2024,21,1,1,2,2,4,3,1,3,2,3,1,professor ,professora ,4,4,1,3,2,2,1,5,1,4,4,1,1,5,4,4,3,5,4,1,3,4,2,3,2,2,4,5,2,3,4,1,1,1,1,1,1,0,1,1,0,0,1,0,0,1,0,0,5,4,5,5,3,1,5,1,3,,50.000,5,,1,5,4,4,4,2,6,3,5,5,5,5,3,2,5,5,5,5,5,5,5,5,5,5,2,3,2,2,5,1,4,3,5,4,5,3,5,3,5,5,5,5,2,2,0,1,1,0,0,0,0,0,1,0,0,0,0,0,0,1,1,2
207,,[not completed],1,4,1,9/3/2024,21,1,1,2,1,4,4,1,3,2,3,1,Engenheiro ,Inspetora,4,4,1,3,3,2,5,2,3,1,2,2,1,5,5,5,2,5,3,5,5,5,2,5,3,3,5,2,4,4,1,1,2,2,1,2,1,0,1,1,0,0,1,0,0,0,0,0,5,3,5,4,4,1,2,3,3,,60000,1,,3,4,4,4,4,4,4,4,3,5,3,1,4,4,5,4,5,5,3,3,4,4,5,5,5,3,4,2,4,3,4,1,3,2,3,1,1,4,4,3,2,4,3,2,0,0,0,0,1,0,0,0,0,1,0,0,0,0,0,1,,0
208,,9/3/2024 9:41,1,,,,,,,,,,,,,,,,,,,,,3,,,,,,,,,,,,,,,,,,,,,,,,,,,,,,,,,0,0,0,0,0,0,0,0,0,0,0,0,,,,,,,,3,,,60000,,,,,,,,,,,,,,,,,,,,,,,,,,,,,,,,,,,,,,,,,,,,,,,0,0,0,0,0,0,0,0,0,0,0,0,0,0,0,0,,2
209,,[not completed],1,,,,21,1,,2,2,5,5,1,1,2,3,1,Farmacêutico ,Professora ,4,4,1,1,5,3,5,5,5,3,,,,,,5,4,5,3,5,4,5,1,2,5,3,5,2,1,2,1,1,1,1,2,1,0,0,1,1,0,1,0,0,0,1,0,1,4,3,5,4,3,2,,,1,,200000,2,,3,3,3,4,4,3,3,2,1,5,5,1,4,3,5,2,3,,4,3,4,4,4,4,3,3,3,2,2,4,4,3,3,3,3,2,3,1,2,2,2,3,2,2,0,1,0,0,0,0,0,0,1,0,0,0,0,0,0,0,1,0
210,,9/3/2024 9:43,1,4,7,9/3/2024,21,1,1,2,2,6,9,1,2,2,3,1,Engenheiro de minas,Professora,4,4,1,3,4,2,4,5,3,2,1,1,1,1,1,5,5,5,4,1,1,4,4,4,5,1,5,1,1,1,1,1,1,2,1,1,1,0,1,1,0,1,1,1,0,1,0,1,5,4,3,3,3,2,,3,3,,150,5,,3,4,4,4,4,4,4,2,5,5,5,4,4,4,5,5,4,4,5,5,5,5,5,5,5,4,3,4,2,2,2,1,3,4,3,3,3,4,4,4,4,2,2,3,1,0,0,0,0,0,0,0,1,0,0,0,0,0,1,0,1,2
211,,9/3/2024 9:57,1,4,1,9/3/2024,33,2,2,1,1,9,9,1,2,2,3,4,desimpregado,pensionista,2,1,2,,4,4,2,5,5,5,1,1,1,5,1,5,3,5,3,3,5,4,1,3,2,2,5,4,2,2,2,1,1,1,1,1,1,0,1,1,0,0,1,0,1,1,0,0,4,5,5,5,5,1,1,3,1,,100,1,,1,5,5,5,5,5,5,4,4,4,4,1,4,4,4,4,4,4,5,5,5,5,5,5,5,4,4,4,2,2,2,1,2,2,1,2,1,4,4,3,3,4,3,3,0,0,1,0,0,0,0,1,0,0,0,0,0,0,0,1,1,2
212,,9/3/2024 10:10,1,4,1,9/3/2024,21,1,1,2,2,6,6,1,2,2,3,1,Motorista ,Professora,4,4,1,3,4,1,5,4,5,1,5,1,1,5,5,3,3,5,4,4,4,2,4,2,5,2,3,1,1,1,1,1,1,1,1,2,1,0,0,0,0,0,1,0,0,0,0,0,5,4,4,5,4,2,,3,3,,50000,4,,3,4,4,5,4,5,4,5,5,5,4,4,4,5,5,4,4,4,5,5,5,5,5,4,4,3,2,1,3,3,2,1,1,1,3,2,1,1,3,3,2,3,2,2,0,0,1,0,0,0,0,0,0,1,0,0,0,0,0,1,2,2
213,,[not completed],1,4,,9/3/2024,21,1,1,2,2,3,3,1,5,2,3,1,Professor ,enfermeira ,5,6,1,2,1,,3,5,1,5,1,,,5,1,4,3,4,3,2,4,4,3,2,4,5,4,3,1,2,1,2,1,2,2,2,1,0,1,0,0,1,1,0,0,0,0,1,4,4,3,2,4,2,,3,2,,95000,5,,3,3,4,4,4,4,4,4,1,1,3,1,3,5,4,3,3,,4,3,1,4,1,2,1,2,3,3,4,4,5,4,4,2,3,4,5,5,3,4,2,5,1,2,0,0,0,0,0,0,0,0,0,1,0,0,0,0,0,0,1,0
214,,[not completed],1,4,705200466,9/3/2024,21,1,1,2,2,5,5,1,1,2,3,1,Professor ,Dona de casa,3,4,1,3,,2,2,,5,,,,,5,,3,2,4,1,1,1,3,4,4,2,3,2,4,3,3,5,1,1,1,1,2,1,0,0,0,0,0,1,0,0,0,0,0,4,3,3,4,4,1,6,1,3,,40000,3,,3,3,4,4,4,4,3,3,4,5,5,2,3,4,5,4,4,3,5,4,3,3,4,4,3,3,4,2,3,3,4,2,3,3,3,1,2,4,2,5,3,2,1,1,0,0,0,1,0,0,0,0,0,1,0,0,0,0,1,0,1,0
215,,9/3/2024 16:42,1,4,705190549,9/3/2024,24,1,1,2,2,3,3,1,5,2,3,1,Reformado ,Doméstica ,2,3,2,3,4,3,4,4,4,5,3,1,1,3,1,4,3,5,4,4,5,5,1,2,5,5,5,3,1,3,1,1,2,2,2,2,1,1,0,1,0,0,1,1,0,0,0,0,3,1,4,3,2,2,,1,4,,80000,3,,3,1,2,1,3,1,1,3,1,3,1,1,4,1,5,2,3,2,3,5,3,3,5,1,1,3,3,2,3,1,3,3,1,1,2,2,2,3,1,4,3,4,2,1,0,0,0,0,1,0,0,1,0,0,0,0,0,0,0,1,1,2
216,,[not completed],,,,,,,,,,,,,,,,,,,,,,,,,,,,,,,,,,,,,,,,,,,,,,,,,,,,,,,0,0,0,0,0,0,0,0,0,0,0,0,,,,,,,,,,,,,,,,,,,,,,,,,,,,,,,,,,,,,,,,,,,,,,,,,,,,,,,,,,0,0,0,0,0,0,0,0,0,0,0,0,0,0,0,0,,0
217,,[not completed],1,4,,9/4/2024,23,1,1,2,2,5,5,1,1,1,4,4,reformado,secretaria ,4,4,1,3,2,2,5,5,4,1,2,1,1,5,5,5,5,5,1,5,5,3,3,2,4,1,1,1,3,1,1,1,1,2,1,2,0,1,0,0,0,1,0,0,0,0,0,1,4,5,5,5,2,2,,3,3,,60,6,,2,,,,,,,,,,,,,,,,,,,,,,,,,,,,,,,,,,,,,,,,,,,,0,0,0,0,0,0,0,0,0,0,0,0,0,0,0,0,,0
218,,[not completed],1,4,,9/4/2024,22,1,1,2,2,5,5,1,2,1,4,5,,,4,,1,3,5,1,2,1,1,3,1,1,1,5,1,5,4,5,2,5,1,4,2,5,2,1,2,3,5,5,1,2,2,2,2,2,0,1,0,1,0,1,0,0,0,0,0,1,4,3,4,4,4,1,,1,1,,80000,7,dermatologia ,3,1,2,2,2,2,2,1,1,5,2,1,3,2,3,2,4,4,3,2,4,3,3,4,3,2,2,2,4,4,4,4,2,3,5,3,2,4,2,3,3,2,3,3,0,0,0,0,1,0,1,0,0,0,0,0,0,0,0,1,1,0
219,,[not completed],1,4,1,9/4/2024,23,1,1,2,2,5,5,1,1,2,4,2,motorista,cozinheira,3,3,2,3,5,2,2,5,1,1,1,1,1,5,1,4,4,5,4,3,1,1,3,1,5,3,3,1,4,4,1,1,1,1,1,1,1,1,0,1,0,1,1,1,0,1,0,0,4,4,4,4,4,2,,3,3,,100.000,5,,3,4,4,4,4,4,4,3,5,,5,1,4,1,4,3,4,1,4,4,4,4,4,4,4,3,3,3,4,2,4,1,4,2,2,3,3,2,2,3,4,4,2,2,0,0,0,0,1,0,0,0,0,1,0,0,0,0,0,1,2,0
220,,[not completed],1,4,1,9/4/2024,24,1,1,2,2,6,6,1,5,2,4,5,professor,agricultora,1,3,1,3,3,1,5,4,5,3,4,1,1,4,,5,5,5,4,1,5,5,5,1,5,5,5,1,1,3,1,1,,1,2,2,1,1,1,1,0,0,0,0,0,1,0,0,5,5,4,4,5,2,,1,3,,80000,7,anatomia patológica ,1,3,3,3,3,3,3,5,1,1,1,1,1,1,3,3,3,1,5,5,5,5,5,5,3,2,5,3,2,1,4,1,3,1,1,4,3,5,1,5,2,1,1,1,0,0,0,0,1,0,0,1,0,0,0,0,0,0,0,1,1,0
221,,9/4/2024 11:04,1,4,1,9/4/2024,21,1,1,2,2,5,5,1,1,1,4,5,Professor ,Professora ,4,4,1,3,5,1,5,1,4,1,5,1,1,5,1,3,3,5,2,5,2,1,1,1,3,1,3,3,1,1,1,1,1,1,1,1,1,1,1,1,0,0,0,1,0,1,0,0,5,5,4,3,3,1,1,1,3,,100000,7,Dermatologia ,3,4,4,4,3,3,5,2,1,5,2,1,2,1,4,3,3,1,5,3,4,4,4,3,4,4,4,2,4,3,3,2,3,3,2,2,2,3,3,4,3,3,4,3,0,0,1,0,0,0,1,0,0,0,0,0,0,0,0,1,1,2
222,,9/4/2024 11:08,1,4,705200013,9/4/2024,34,2,1,2,1,4,7,1,5,1,4,2,motorista,domestica,2,3,2,,5,5,5,1,3,1,3,1,1,5,2,5,4,5,5,3,4,2,5,3,1,5,5,5,3,3,1,1,1,1,1,1,1,0,0,1,0,1,1,0,0,0,0,1,5,5,5,5,5,1,1,3,1,,100000,3,,3,4,4,4,4,4,4,5,5,5,5,1,3,1,5,3,5,5,3,4,4,4,1,1,4,3,4,3,3,1,3,1,2,1,1,1,1,4,1,5,3,2,1,3,0,1,0,0,0,0,0,1,0,0,0,0,0,0,0,1,1,2
223,,[not completed],1,4,1,9/4/2024,22,1,1,2,1,5,3,2,2,2,4,1,Gestor ,Professora ,4,3,2,,2,1,3,5,4,3,1,1,1,5,4,4,3,5,3,2,1,3,1,3,1,2,4,4,2,4,1,1,1,1,1,,1,1,1,1,0,0,1,1,0,1,0,0,5,5,4,5,5,1,1,1,5,,80000,7,Ainda não decidi,3,4,4,4,4,4,3,3,3,4,4,1,4,5,5,4,4,3,5,4,4,4,4,4,2,3,3,2,2,1,1,1,3,1,2,3,2,3,3,3,1,1,1,3,0,0,1,0,0,0,0,0,0,1,0,0,0,0,0,1,1,0
224,,[not completed],1,4,,9/4/2024,20,1,2,2,1,5,5,1,5,2,4,1,Entrepreneur,Domestica,2,2,1,3,2,1,5,1,1,1,1,1,1,1,1,4,4,5,2,5,5,5,5,5,5,5,5,5,5,5,5,1,1,2,2,2,1,1,0,0,0,0,0,0,0,0,0,1,1,1,3,4,4,1,2,1,1,,80000,5,,3,2,2,2,2,2,1,2,4,4,4,4,4,4,,,4,5,3,3,3,3,3,3,3,3,3,3,5,5,5,5,5,5,5,4,4,4,5,5,5,5,5,5,0,0,0,1,0,0,0,1,0,0,0,0,0,0,1,0,2,0
225,,9/4/2024 11:11,1,4,1,9/4/2024,21,1,1,2,2,4,11,1,5,2,4,1,Empreteiro,Extensionistas ,4,6,2,,5,1,1,2,3,2,3,1,1,5,1,1,1,5,3,5,4,3,3,2,4,2,4,4,4,4,1,1,1,1,1,1,0,1,0,1,0,0,0,1,1,0,0,0,5,3,5,4,6,1,6,3,1,,100000,2,,1,4,3,2,4,3,2,4,1,3,2,4,4,2,5,4,4,3,5,5,5,5,5,4,2,3,3,3,4,4,4,3,3,3,4,4,4,3,3,2,2,3,1,4,0,1,0,0,0,0,0,0,0,1,0,0,0,0,0,1,1,2
226,,9/4/2024 11:11,1,4,705190955,9/4/2024,24,1,1,2,2,11,11,1,5,2,4,1,Engenheiro Civil ,Médica ,5,5,1,2,1,2,2,2,2,2,2,2,2,2,2,5,4,5,4,5,3,4,4,4,4,4,4,4,4,4,2,1,1,1,1,1,1,1,1,1,0,0,0,1,0,1,0,0,5,4,4,4,4,1,6,2,5,,,7,Nefrologia ou quiropraxia ,3,4,4,4,4,4,4,5,5,5,5,5,5,4,5,5,4,3,4,4,4,4,4,4,4,3,3,3,3,3,3,3,3,3,3,4,5,4,4,4,4,4,4,4,0,0,0,0,1,0,0,1,0,0,0,0,0,0,0,1,1,2
227,,9/4/2024 11:20,1,4,705200325,9/4/2024,23,2,1,2,1,5,5,1,1,2,4,5,transportador,doméstica,1,4,1,3,5,2,4,5,5,5,3,1,1,5,5,1,1,5,3,2,3,3,5,3,4,3,3,3,3,3,2,1,1,1,1,1,1,1,1,1,0,0,0,1,0,1,0,0,5,5,5,5,5,2,,1,4,,60000,6,,1,5,5,5,5,5,5,3,1,5,5,1,5,5,5,5,5,5,5,5,5,5,5,5,5,5,5,5,1,1,3,1,5,1,1,1,2,1,4,1,2,5,3,1,1,0,0,0,0,0,1,0,0,0,0,0,0,0,0,1,1,2
228,,[not completed],1,4,1,9/4/2024,23,2,1,2,2,,4,1,3,2,4,2,missionário ,missionária,3,3,2,,1,4,5,5,1,1,2,2,2,2,2,4,2,4,2,1,2,3,1,2,5,3,5,2,2,3,1,1,1,1,1,1,1,0,0,1,0,0,1,0,0,0,0,0,4,4,4,3,3,1,2,3,3,,50000,7,pesquisa genética ,3,4,4,4,4,3,4,4,4,4,3,3,3,1,2,2,2,1,5,4,4,4,4,4,4,2,2,3,1,1,2,2,3,1,1,2,2,2,2,2,2,2,2,2,0,0,1,0,0,0,0,0,1,0,0,0,0,0,0,1,2,0
229,,[not completed],1,4,1,9/4/2024,25,1,1,2,1,11,11,1,3,2,4,1,,enfermeira ,4,4,1,2,3,5,5,3,5,3,1,,,5,5,5,5,5,4,5,4,2,2,2,1,1,4,1,1,1,1,1,2,2,1,1,1,0,0,1,0,0,1,0,0,1,0,0,4,3,2,4,3,1,1,3,1,,150000,5,,3,4,4,4,2,3,5,5,5,5,5,1,5,4,4,3,5,5,4,5,5,5,5,5,5,2,3,2,4,5,4,1,2,1,1,5,5,4,4,5,5,5,3,5,0,0,0,1,0,0,0,0,0,1,0,0,0,0,0,1,1,0
230,,[not completed],1,4,1,9/4/2024,47,2,3,1,1,5,5,2,5,1,4,,motorista ,Doméstica ,1,2,1,3,5,1,1,5,5,4,1,1,1,5,1,5,4,5,3,4,5,4,1,3,2,1,3,4,1,1,1,1,1,1,1,1,1,0,0,0,0,0,1,0,0,0,0,0,5,5,5,5,5,1,2,3,5,,50000,3,,3,4,4,4,4,4,3,3,1,4,4,1,2,4,4,3,4,,5,3,4,3,5,4,4,1,4,3,2,1,1,1,2,1,1,1,1,1,1,2,1,1,1,1,1,0,0,0,0,0,1,0,0,0,0,0,0,0,1,0,1,0
231,,[not completed],1,4,1,9/4/2024,22,1,1,2,2,5,5,1,1,2,4,1,Professor ,Gestora ,5,4,1,3,3,3,4,,5,4,3,1,1,5,1,3,2,4,2,4,1,2,1,1,3,5,3,3,2,3,1,2,2,2,2,2,1,0,0,0,0,1,1,0,0,0,0,0,5,3,,4,4,1,4,1,3,,55000,7,Epidemiologia ,3,2,4,4,4,2,2,4,4,4,2,1,1,4,4,4,4,1,5,4,5,5,5,4,2,4,4,3,4,3,4,1,3,3,,2,4,4,4,2,4,2,4,2,0,0,1,0,0,0,1,0,0,0,0,0,0,0,0,1,1,0
232,,9/4/2024 11:33,1,4,1,9/4/2024,32,1,1,2,2,6,10,1,5,1,4,4,Contabilista ,Doméstica ,2,3,1,3,3,1,3,3,3,2,2,2,1,3,2,3,3,4,3,2,3,5,5,5,3,3,5,3,3,4,3,1,1,1,1,1,1,0,1,1,0,1,0,0,1,0,0,1,5,5,5,5,5,2,,3,5,,100000,6,,3,3,3,3,4,3,3,5,1,3,1,1,1,1,4,2,3,1,4,4,4,5,6,1,1,2,2,2,4,4,4,1,1,3,3,2,1,2,3,4,4,5,2,2,0,0,0,0,1,0,0,0,0,1,0,0,0,0,0,1,1,2
233,,[not completed],1,4,1,9/4/2024,23,1,1,2,2,6,6,1,3,2,4,,Tecnico de seguros,Tec de saúde publica e saude ambiental,4,4,1,2,3,2,4,5,4,3,3,3,3,5,3,4,2,5,2,1,3,4,3,2,5,5,4,1,3,4,2,1,1,1,1,1,1,1,1,1,0,0,0,1,0,0,0,0,4,4,4,4,3,1,2,1,3,,95000,2,,3,4,4,4,4,4,5,3,5,5,5,2,3,2,4,4,5,1,5,4,4,5,5,5,4,4,3,3,2,2,3,1,3,1,3,4,4,4,4,5,5,5,2,2,0,0,0,1,0,0,0,1,0,0,0,0,0,0,0,1,1,0
234,,9/5/2024 14:43,1,4,705170439,9/5/2024,24,1,1,2,1,5,5,1,2,2,6,5,Engenheiro civil,Doméstica ,2,3,1,3,2,4,5,1,5,1,3,1,1,5,5,5,3,5,5,3,5,5,5,2,5,5,5,3,2,2,1,1,2,2,2,2,1,0,0,0,0,0,1,0,0,0,0,0,3,3,4,4,3,1,1,3,5,,1200000,7,Oncologia,1,4,4,4,4,3,3,3,4,4,3,1,1,4,5,3,3,3,4,4,3,4,4,4,3,3,2,2,4,2,5,3,1,2,2,4,4,3,4,4,4,3,3,3,0,1,0,0,0,0,0,0,1,0,0,0,0,0,0,1,1,2
235,,[not completed],1,4,705180029,9/5/2024,24,1,1,2,2,5,5,1,1,2,6,1,Engenheiro civil,Doméstica ,3,4,1,3,5,3,5,5,5,4,3,,2,5,5,5,3,5,4,5,5,2,2,2,2,2,4,1,1,1,1,1,1,2,2,2,1,0,0,0,0,0,1,0,0,0,0,0,2,2,2,5,4,2,,3,5,,110000,7,Reumatologia ,1,4,2,4,4,4,4,5,5,5,,3,1,1,5,3,4,4,5,5,5,5,5,5,5,4,4,4,3,1,3,1,3,1,1,3,3,3,3,2,2,3,2,2,1,0,0,0,0,0,1,0,0,0,0,0,0,0,0,1,1,0
236,,9/5/2024 14:49,1,4,705180523,9/5/2024,24,1,1,2,2,3,3,1,3,2,6,1,reformado ,professora ,4,4,1,3,5,1,1,5,1,1,1,1,1,1,1,5,5,5,5,5,5,5,2,3,1,1,4,4,1,1,1,1,1,1,1,1,1,1,1,0,0,0,1,0,0,0,0,0,5,4,4,4,5,2,,3,3,,50.000,2,,3,5,5,5,5,4,5,5,5,5,3,1,5,3,4,4,4,3,5,5,5,5,5,5,5,2,3,2,5,3,2,1,1,1,1,1,3,4,3,3,1,1,1,1,0,0,0,1,0,0,0,0,0,1,0,0,0,0,0,1,1,2
237,,[not completed],1,4,705180267,9/5/2024,23,1,1,2,1,8,8,1,4,2,6,2,Pedreiro ,Enfermeira ,3,3,2,,5,4,1,4,5,5,4,2,2,5,1,4,4,4,4,4,2,3,1,4,,5,5,5,3,3,1,1,2,1,1,1,1,0,0,1,0,0,1,0,0,0,0,0,5,5,4,4,4,1,1,3,3,,100000,2,,3,5,5,5,4,4,4,4,1,4,4,1,3,2,4,3,5,1,5,5,5,5,4,3,3,3,5,3,4,4,3,1,1,1,3,4,4,4,4,4,4,4,4,4,0,0,0,1,0,0,0,1,0,0,0,0,0,0,1,0,1,0
238,,9/5/2024 14:56,1,4,1,9/5/2024,24,1,1,2,2,7,4,1,3,2,6,1,Engenheiro de Construção Civil,Doméstica,3,4,2,,2,1,5,3,3,1,3,1,1,5,1,5,4,5,5,5,3,2,1,1,3,1,5,2,1,1,1,1,1,1,1,1,1,1,0,0,0,0,0,1,0,0,0,0,5,4,3,4,6,2,,3,1,,80000,2,,3,5,4,5,5,6,5,5,5,5,4,1,3,5,5,3,5,4,5,5,4,4,5,5,4,3,2,2,4,4,3,2,2,3,3,4,3,5,5,2,2,3,3,1,0,0,1,0,0,0,1,0,0,0,0,0,0,0,0,1,1,2
239,,[not completed],1,4,1,9/5/2024,25,1,1,2,2,4,4,1,3,1,6,1,não tenho,comerciante,2,3,2,,4,1,2,2,1,1,1,1,1,5,2,5,4,5,4,5,2,2,2,2,1,3,4,4,4,4,2,2,2,1,2,1,1,0,0,0,0,0,1,0,0,0,0,0,3,1,2,4,3,1,1,4,3,,180000,5,,3,1,3,3,4,1,2,4,4,4,4,1,3,2,4,4,5,,5,4,4,4,4,4,2,2,2,2,4,4,3,3,2,3,3,3,3,4,3,4,4,4,1,3,0,0,0,1,0,0,0,1,0,0,0,0,0,0,1,0,1,0
240,,[not completed],1,4,1,9/5/2024,24,2,1,2,2,4,4,1,5,2,6,5,,Comerciante,1,4,2,,4,1,5,4,5,3,2,1,,5,,5,4,5,3,3,5,5,4,4,3,5,4,1,4,5,1,1,1,1,1,1,1,0,1,1,0,0,1,0,0,1,0,0,5,3,4,5,3,2,,3,3,,200.000,2,,3,5,3,4,4,3,5,5,5,1,3,1,4,1,5,4,4,1,5,5,5,5,5,5,5,3,3,3,3,3,3,2,3,2,3,2,4,3,3,3,3,4,2,4,0,0,0,0,1,0,0,0,1,0,0,0,0,0,0,1,1,0
241,,9/5/2024 15:12,1,4,1,9/5/2024,23,1,1,2,2,5,5,1,1,2,6,2,Nenhum ,Professora ,4,3,1,3,1,4,3,4,1,2,4,4,4,1,5,4,4,4,3,2,3,2,2,1,1,1,3,1,2,1,1,1,1,1,1,1,0,0,1,0,0,1,1,0,1,0,0,1,4,2,5,5,5,1,1,3,3,,,7,Dermatologia ,3,4,4,4,2,4,2,5,5,5,5,1,5,5,5,4,5,1,5,5,5,5,5,5,2,3,2,4,3,2,4,1,4,3,4,4,4,4,4,4,3,4,5,2,0,0,0,1,0,0,0,0,1,0,0,0,0,0,0,1,1,2
242,,9/5/2024 15:11,1,,,,,,,,,,,,,,,,,,,,,,,,,,,,,,,,,,,,,,,,,,,,,,,,,,,,,,0,0,0,0,0,0,0,0,0,0,0,0,,,,,,,,3,,,100000,,,,,,,,,,,,,,,,,,,,,,,,,,,,,,,,,,,,,,,,,,,,,,,0,0,0,0,0,0,0,0,0,0,0,0,0,0,0,0,,2
243,,[not completed],1,4,,9/5/2024,24,1,1,2,2,5,5,1,1,2,6,5,Engenheiro mecânico,Contabilista,3,4,2,,5,1,1,5,5,,1,4,4,1,1,4,5,5,5,5,4,5,2,2,2,2,4,2,2,2,1,1,1,1,1,1,1,1,1,0,0,0,1,1,1,0,0,0,5,4,4,5,3,2,,3,1,,100000,2,,3,5,4,4,4,4,5,5,5,5,5,1,5,5,5,3,4,,4,4,4,4,4,4,4,2,4,2,2,2,2,2,2,2,2,2,2,4,3,2,2,3,1,2,0,0,0,1,0,0,0,1,0,0,0,0,0,0,0,1,1,0
244,,9/5/2024 15:24,1,4,1,9/5/2024,26,2,1,2,2,3,2,1,5,2,6,1,Agente de serviço,Conselheira de saúde ,3,3,1,2,4,1,3,1,5,4,5,1,2,5,1,5,4,5,3,3,3,5,3,2,2,1,4,3,4,3,1,1,1,1,1,1,1,1,1,1,0,0,1,1,1,0,0,0,5,4,4,5,4,2,,3,4,,200000,3,,3,4,4,4,4,4,2,3,2,5,3,1,2,3,4,3,3,3,4,4,4,4,4,4,3,3,4,3,3,2,3,3,2,1,1,2,1,4,4,4,3,5,2,2,0,0,0,0,1,0,0,1,0,0,0,0,0,1,0,0,1,2
245,,[not completed],1,4,1,9/5/2024,25,1,1,2,2,4,5,2,2,2,6,1,falecido,domestica ,3,4,2,,5,3,2,,2,2,2,1,2,2,2,3,2,5,5,5,3,2,3,3,5,3,5,5,3,3,2,1,2,2,1,1,1,0,1,1,0,0,1,0,0,1,0,0,5,3,4,3,5,1,1,3,3,,100,5,,3,4,4,3,4,4,3,1,1,5,5,1,4,1,4,2,4,,5,5,5,5,5,5,3,3,3,3,4,2,4,3,2,2,2,2,4,5,5,5,4,5,2,1,0,0,0,1,0,0,0,1,0,0,0,0,0,0,0,0,1,0
246,,9/5/2024 16:02,1,4,1,9/5/2024,26,2,1,1,1,5,5,2,1,2,4,5,Contabilidade ,Domestica ,1,2,1,3,3,1,5,5,4,1,3,3,1,5,1,5,5,5,1,5,5,5,1,1,1,1,3,1,1,1,1,1,1,2,1,1,0,0,0,0,1,0,0,0,0,1,0,0,4,2,4,5,5,2,,3,1,,75.000,3,,3,4,4,4,4,2,2,4,4,4,4,1,1,1,4,1,1,1,5,5,3,5,5,5,1,3,3,3,3,1,3,1,1,1,1,1,2,4,2,2,2,2,1,2,0,0,0,0,1,0,0,1,0,0,0,0,0,0,0,1,1,2
247,,9/5/2024 16:37,1,4,705180262,9/5/2024,24,2,1,1,1,5,5,1,1,2,6,3,comerciante ,comerciante,3,1,1,3,3,3,3,2,3,2,1,1,1,3,2,4,3,5,3,2,2,3,3,3,4,4,5,4,4,4,1,1,1,1,1,1,0,0,0,0,0,1,0,0,0,0,0,1,3,3,3,4,4,2,,3,3,,100000,1,,3,4,4,4,4,4,4,5,5,5,5,1,3,1,5,2,4,3,5,5,5,5,5,5,5,4,4,4,3,3,3,3,4,2,2,5,5,4,4,4,4,4,4,4,0,0,0,0,1,0,0,0,0,1,0,0,0,0,1,0,1,2
248,,9/6/2024 21:43,1,4,1,9/6/2024,23,1,1,2,1,4,4,1,3,2,4,2,falecido ,agente de serviço hospitalar ,2,3,1,2,3,1,3,5,2,2,3,1,3,3,3,5,3,5,1,5,3,4,3,2,1,3,5,2,1,1,1,1,1,1,1,1,0,0,0,0,0,1,0,0,0,0,0,1,5,4,5,5,3,2,,1,1,,70000,5,,3,2,3,2,3,2,5,5,5,5,5,1,3,3,5,3,5,1,5,5,5,4,4,4,3,2,3,2,4,4,4,3,1,1,1,1,2,3,5,5,3,5,5,3,0,0,0,0,1,0,0,0,1,0,0,0,0,0,1,0,2,2
249,,[not completed],1,4,1,9/9/2024,23,1,1,2,2,11,9,1,3,2,3,1,Aposentado ,Professora ,4,3,2,,5,2,4,3,2,4,,,,5,5,,,5,,5,5,,,,,,5,,,,,1,2,2,1,2,1,0,0,0,0,0,1,0,0,0,0,0,4,2,3,3,4,1,1,1,3,,60000,5,,3,6,6,2,3,4,5,5,5,5,4,1,5,1,5,2,5,,5,3,3,3,5,3,3,3,1,1,3,3,3,1,1,3,3,2,3,4,4,4,5,4,5,5,0,0,1,0,0,0,0,0,1,0,0,0,0,0,0,1,1,0
250,,[not completed],1,4,,10/9/2024,22,1,1,2,2,4,4,1,1,2,3,1,professor,professora ,5,5,1,3,3,2,3,5,3,1,1,,,3,3,,,4,3,3,4,4,2,3,3,2,4,1,2,3,1,1,1,1,2,2,1,0,0,0,0,0,1,0,0,0,0,0,4,4,3,4,4,2,,1,1,,70.000,6,,3,4,4,4,4,4,3,5,5,5,5,1,5,5,5,4,4,3,5,5,5,5,5,4,4,3,2,2,4,1,4,1,1,1,3,2,4,3,3,4,2,4,2,1,1,0,0,0,0,0,0,0,0,1,0,0,0,0,0,1,1,0
